ID,student_type,Year,Gender,Grade,Ethnicity,School,school_type,City,Zipcode,Curriculum,student_continuation,Attendance_Percentage,science_math_community,math_confidence_stem,math_stem_opportunity,math_stem_career,science_stem_confidence,science_stem_opportunity,science_stem_career,engineer_confidence,engineer_stem_opportunity,stem_career,stem_community,grit_stem_problemsolve,grit_community_stem_problemsolve,stem_opportunity,community_design_confidence,grit_problemsolve,community_problemsolve_design,engineer_problemsolve_design,learner_engineer_content_confidence,learner_engineer_tinker_confidence,earner_grit_problemsolve_confidence,learner_grit_problemsolve_confidence,learner_grit_problemsolve_design,learner_engineer_identity,learner_engineer_recognition,learner_community_communicate,learner_community_history,learner_community_belonging,learner_community_attachment,community_avg,stem_avg,engineering_avg,grit_avg,science_math_community,math_confidence_stem,math_stem_opportunity,math_stem_career,science_stem_confidence,science_stem_opportunity,science_stem_career,engineer_confidence,engineer_stem_opportunity,stem_career,stem_community,grit_stem_problemsolve,grit_community_stem_problemsolve,stem_opportunity,community_design_confidence,grit_problemsolve,community_problemsolve_design,engineer_problemsolve_design,learner_engineer_content_confidence,learner_engineer_tinker_confidence,earner_grit_problemsolve_confidence,learner_grit_problemsolve_confidence,learner_grit_problemsolve_design,learner_engineer_identity,learner_engineer_recognition,learner_community_communicate,learner_community_history,learner_community_belonging,learner_community_attachment,community_avg,stem_avg,engineering_avg,post_grit_avg,confidence_conduct,confidence_identify,confidence_research,confidence_develop,confidence_select,confidence_construct,confidence_evaluate,confidence_communicate,confidence_redesign,motivation_conduct,motivation_identify,motivation_research,motivation_develop,motivation_select,motivation_construct,motivation_evaluate,motivation_communicate,motivation_redesign,anxiety_conduct,anxiety_identify,anxiety_research,anxiety_develop,anxiety_select,anxiety_construct,anxiety_evaluate,anxiety_communicate,anxiety_redesign,pre_confidence_avg,pre_motivation_avg,pre_anxiety_avg,confidence_conduct,confidence_identify,confidence_research,confidence_develop,confidence_select,confidence_construct,confidence_evaluate,confidence_communicate,confidence_redesign,motivation_conduct,motivation_identify,motivation_research,motivation_develop,motivation_select,motivation_construct,motivation_evaluate,motivation_communicate,motivation_redesign,anxiety_conduct,anxiety_identify,anxiety_research,anxiety_develop,anxiety_select,anxiety_construct,anxiety_evaluate,anxiety_communicate,anxiety_redesign,trainer_inform,trainer_materials,trainer_time,trainer_flexible_plan,trainer_time_management,trainer_backup_plan,trainer_appropriate_material,trainer_purpose_overview,trainer_pace,trainer_problem_response,trainer_real_world,trainer_pov,trainer_command,trainer_participation,trainer_problem_opportunity,trainer_student_happiness,trainer_student_nervous,trainer_pride,trainer_nonverbal_cues,trainer_student_perspective,trainer_inform,trainer_materials,trainer_time,trainer_flexible_plan,trainer_time_management,trainer_backup_plan,trainer_appropriate_material,trainer_purpose_overview,trainer_pace,trainer_problem_response,trainer_real_world,trainer_pov,trainer_command,trainer_participation,trainer_problem_opportunity,trainer_student_happiness,trainer_student_nervous,trainer_pride,trainer_nonverbal_cues,trainer_student_perspective,post_confidence_avg,post_motivation_avg,post_anxiety_avg
69,Learner,2023-2024,Female,8,White,Non-Durham Public School,Public,Wilmington,28405,Water,3,85.71428571,5,4,4,3,5,4,5,5,5,5,5,5,4,4,4,4,4,4,4,4,4,4,4,3,5,4,3,4,3,4.4,4.416666667,4.666666667,4.5,5,4,4,4,5,5,5,5,5,5,5,5,4,5,5,4,3,4,4,4,4,4,4,3,4,4,3,4,3,4.4,4.666666667,4.666666667,4.5,,,,,,,,,,,,,,,,,,,,,,,,,,,,,,,,,,,,,,,,,,,,,,,,,,,,,,,,,,,,,,,,,,,,,,,,,,,,,,,,,,,,,,,,,,,,,,,,,,,,
93,Learner,2023-2024,Male,7,Black,Durham School of the Arts,Magnet,Durham,27705,Water,2,85.71428571,5,4,4,3,5,5,4,4,4,5,5,4,4,4,4,5,5,4,4,5,5,4,4,4,5,4,3,3,3,4.4,4.25,4,4.5,5,5,4,4,5,4,5,5,5,4,4,5,4,4,5,5,5,4,4,4,4,4,4,4,5,5,4,4,5,4.8,4.416666667,4.666666667,4.5,,,,,,,,,,,,,,,,,,,,,,,,,,,,,,,,,,,,,,,,,,,,,,,,,,,,,,,,,,,,,,,,,,,,,,,,,,,,,,,,,,,,,,,,,,,,,,,,,,,,
100,Learner,2023-2024,Male,7,Black,Durham School of the Arts,Magnet,Durham,27713,Water,2,Dropped,4,4,4,5,4,4,3,4,5,4,4,4,4,4,5,4,5,4,3,4,5,4,4,4,5,4,3,3,3,4.4,4.166666667,3.666666667,4,,,,,,,,,,,,,,,,,,,,,,,,,,,,,,,,,,,,,,,,,,,,,,,,,,,,,,,,,,,,,,,,,,,,,,,,,,,,,,,,,,,,,,,,,,,,,,,,,,,,,,,,,,,,,,,,,,,,,,,,,,,,,,,,,,,,,
112,Learner,2023-2024,Male,7,Asian,Durham Private School,Private,Durham,27707,Health,2,100,4,4,3,3,4,4,3,5,5,5,4,4,4,4,3,4,4,4,5,5,4,4,4,3,5,4,3,4,4,3.8,4.083333333,4,4,5,5,4,4,5,4,4,5,3,5,5,4,3,3,4,4,4,4,5,4,3,4,4,4,4,4,3,5,4,4,4.166666667,4.333333333,4,,,,,,,,,,,,,,,,,,,,,,,,,,,,,,,,,,,,,,,,,,,,,,,,,,,,,,,,,,,,,,,,,,,,,,,,,,,,,,,,,,,,,,,,,,,,,,,,,,,,
113,Learner,2023-2024,Female,8,White,Brodgen,DPS,Durham,27701,Health,2,85.71428571,5,4,4,4,4,4,4,3,4,4,4,4,4,4,3,3,4,4,4,3,4,3,3,3,3,4,4,4,4,4,3.916666667,3.666666667,3.75,4,5,5,5,4,5,5,4,4,4,4,4,5,5,4,5,4,4,3,4,4,4,4,3,4,4,4,4,4,4.2,4.5,4.333333333,4.5,,,,,,,,,,,,,,,,,,,,,,,,,,,,,,,,,,,,,,,,,,,,,,,,,,,,,,,,,,,,,,,,,,,,,,,,,,,,,,,,,,,,,,,,,,,,,,,,,,,,
114,Learner,2023-2024,Male,7,Black,Githens,DPS,Durham,27705,Health,2,Dropped,5,4,4,3,5,5,5,5,5,5,4,4,5,5,5,4,4,4,5,4,5,4,5,4,5,5,5,5,5,4.6,4.5,4.666666667,4.25,,,,,,,,,,,,,,,,,,,,,,,,,,,,,,,,,,,,,,,,,,,,,,,,,,,,,,,,,,,,,,,,,,,,,,,,,,,,,,,,,,,,,,,,,,,,,,,,,,,,,,,,,,,,,,,,,,,,,,,,,,,,,,,,,,,,,
116,Learner,2023-2024,Female,7,Black,Non-Durham Public School,Public,Raleigh,27610,Health,2,100,4,4,3,2,4,4,3,4,2,4,4,4,4,3,4,4,4,4,4,4,4,4,4,3,4,4,4,4,2,4,3.5,3.666666667,4,5,5,4,2,4,4,3,4,4,4,4,4,4,3,4,3,4,4,4,4,3,4,4,4,4,4,4,4,4,4.2,3.833333333,3.666666667,3.75,,,,,,,,,,,,,,,,,,,,,,,,,,,,,,,,,,,,,,,,,,,,,,,,,,,,,,,,,,,,,,,,,,,,,,,,,,,,,,,,,,,,,,,,,,,,,,,,,,,,
119,Learner,2023-2024,Female,7,Other,Lakewood,DPS,Durham,27713,Health,No,Dropped,4,3,4,4,2,4,3,3,4,4,4,4,4,4,3,4,4,4,4,3,4,3,4,4,4,4,3,3,3,3.8,3.666666667,3.333333333,4,,,,,,,,,,,,,,,,,,,,,,,,,,,,,,,,,,,,,,,,,,,,,,,,,,,,,,,,,,,,,,,,,,,,,,,,,,,,,,,,,,,,,,,,,,,,,,,,,,,,,,,,,,,,,,,,,,,,,,,,,,,,,,,,,,,,,
120,Learner,2023-2024,Male,7,Black,Githens,DPS,Durham,27707,Light,2,100,5,5,5,5,5,5,5,5,5,5,5,5,5,5,5,4,4,5,5,5,5,5,5,5,5,3,1,2,1,4.8,5,5,4.75,5,5,5,5,5,5,5,5,5,5,5,5,5,5,5,5,5,5,5,5,5,5,4,5,5,5,5,3,2,5,5,5,5,,,,,,,,,,,,,,,,,,,,,,,,,,,,,,,,,,,,,,,,,,,,,,,,,,,,,,,,,,,,,,,,,,,,,,,,,,,,,,,,,,,,,,,,,,,,,,,,,,,,
136,Learner,2023-2024,Female,8,Black,Non-Durham Public School,Public,Durham,27704,Light,2,Dropped,5,4,4,4,,4,,3,,5,3,5,4,5,3,4,5,5,,,,,,,,,,,,4.4,4.1,4,4,,,,,,,,,,,,,,,,,,,,,,,,,,,,,,,,,,,,,,,,,,,,,,,,,,,,,,,,,,,,,,,,,,,,,,,,,,,,,,,,,,,,,,,,,,,,,,,,,,,,,,,,,,,,,,,,,,,,,,,,,,,,,,,,,,,,,
138,Learner,2023-2024,Female,8,Asian,Non-Durham Public School,Public,Apex,27523,Water,2,100,4,5,5,3,4,5,5,5,5,5,4,5,4,5,4,4,4,4,4,5,5,5,4,4,4,5,5,5,4,4.2,4.583333333,4.666666667,4.25,5,5,5,4,5,5,5,5,4,5,5,5,5,5,5,5,5,5,5,5,5,5,4,4,5,5,4,5,5,5,4.833333333,5,5,,,,,,,,,,,,,,,,,,,,,,,,,,,,,,,,,,,,,,,,,,,,,,,,,,,,,,,,,,,,,,,,,,,,,,,,,,,,,,,,,,,,,,,,,,,,,,,,,,,,
139,Learner,2023-2024,Female,7,"Hispanic, Latino, or Spanish origin",Non-Durham Public School,Public,Durham,27522,Water,2,Dropped,4,4,2,2,4,4,2,5,5,4,4,4,3,4,4,4,3,4,3,4,4,4,4,4,2,4,2,3,3,3.6,3.75,3.666666667,3.75,,,,,,,,,,,,,,,,,,,,,,,,,,,,,,,,,,,,,,,,,,,,,,,,,,,,,,,,,,,,,,,,,,,,,,,,,,,,,,,,,,,,,,,,,,,,,,,,,,,,,,,,,,,,,,,,,,,,,,,,,,,,,,,,,,,,,
141,Learner,2023-2024,Female,7,Black,Githens,DPS,Durham,27705,Water,No,100,4,4,4,4,4,4,4,4,4,4,4,4,4,4,4,4,4,4,4,4,4,4,4,3,4,4,4,4,4,4,4,4,4,4,4,4,4,4,4,4,4,4,4,4,4,4,4,4,4,4,4,4,4,5,4,4,3,5,4,3,4,4,4,4,4,4,,,,,,,,,,,,,,,,,,,,,,,,,,,,,,,,,,,,,,,,,,,,,,,,,,,,,,,,,,,,,,,,,,,,,,,,,,,,,,,,,,,,,,,,,,,,,,,,,,,,
142,Learner,2023-2024,Male,6,Black,Non-Durham Public School,Public,Raleigh,27610,Health,No,100,5,4,5,5,5,3,3,4,3,2,3,3,5,4,5,3,4,4,3,5,2,3,4,5,4,3,3,3,2,4.4,3.833333333,3.666666667,3.5,4,4,5,4,4,5,4,4,4,5,4,5,3,4,3,4,3,4,4,5,4,3,4,3,4,5,3,4,3,3.6,4.25,4,4,,,,,,,,,,,,,,,,,,,,,,,,,,,,,,,,,,,,,,,,,,,,,,,,,,,,,,,,,,,,,,,,,,,,,,,,,,,,,,,,,,,,,,,,,,,,,,,,,,,,
143,Learner,2023-2024,Female,7,White,Brodgen,DPS,Durham,27705,Water,No,100,5,5,4,2,5,5,4,5,5,4,5,5,5,4,5,4,5,5,5,5,4,5,5,4,4,5,4,5,5,5,4.5,4.666666667,4.75,5,5,5,2,4,5,2,5,4,3,3,4,4,3,4,4,5,4,3,5,5,5,4,3,5,3,4,3,4,4.4,3.916666667,3.666666667,3.75,,,,,,,,,,,,,,,,,,,,,,,,,,,,,,,,,,,,,,,,,,,,,,,,,,,,,,,,,,,,,,,,,,,,,,,,,,,,,,,,,,,,,,,,,,,,,,,,,,,,
144,Learner,2023-2024,Male,7,Black,Non-Durham Public School,Public,Raleigh,27613,Health,No,85.71428571,4,4,3,2,3,3,4,4,4,4,4,3,5,4,3,4,5,5,4,2,4,3,3,3,3,2,2,4,4,4,3.583333333,4.333333333,4,4,4,1,1,4,3,5,3,4,3,3,3,4,4,5,4,4,3,4,5,4,3,3,4,4,4,2,3,4,4,3.083333333,3.666666667,3.5,,,,,,,,,,,,,,,,,,,,,,,,,,,,,,,,,,,,,,,,,,,,,,,,,,,,,,,,,,,,,,,,,,,,,,,,,,,,,,,,,,,,,,,,,,,,,,,,,,,,
145,Learner,2023-2024,Male,7,White,Lakewood,DPS,Durham,27707,Light,No,85.71428571,5,3,4,3,5,5,5,5,5,4,5,5,5,5,5,3,5,5,4,5,4,5,4,4,5,5,3,5,5,5,4.5,5,4.5,4,4,3,3,5,5,5,5,5,5,5,4,5,5,5,5,5,5,4,5,4,4,4,4,5,4,4,5,5,4.6,4.5,5,4.75,,,,,,,,,,,,,,,,,,,,,,,,,,,,,,,,,,,,,,,,,,,,,,,,,,,,,,,,,,,,,,,,,,,,,,,,,,,,,,,,,,,,,,,,,,,,,,,,,,,,
146,Learner,2023-2024,Female,6,White,Other Durham Public/Charter School,Other Durham Public/Charter School,Durham,27712,Light,No,85.71428571,3,4,2,2,4,3,3,4,4,5,4,4,4,5,3,3,4,3,4,4,4,3,3,3,4,3,3,5,5,3.6,3.75,3.333333333,3.75,3,3,1,1,4,3,2,4,2,3,4,2,4,3,3,3,3,3,2,4,4,3,3,1,4,4,3,4,5,3,2.833333333,3,3.25,,,,,,,,,,,,,,,,,,,,,,,,,,,,,,,,,,,,,,,,,,,,,,,,,,,,,,,,,,,,,,,,,,,,,,,,,,,,,,,,,,,,,,,,,,,,,,,,,,,,
147,Learner,2023-2024,,8,Other,Lakewood,DPS,Durham,27705,Water,No,85.71428571,5,5,4,2,5,5,5,4,5,5,3,5,5,5,3,2,5,4,4,4,3,4,3,3,5,5,2,4,5,4.6,4.416666667,4.333333333,3.75,4,5,4,4,5,5,5,4,4,5,5,5,4,4,5,4,5,4,5,5,4,4,4,4,5,4,4,5,3,4.6,4.5,4.333333333,4.5,,,,,,,,,,,,,,,,,,,,,,,,,,,,,,,,,,,,,,,,,,,,,,,,,,,,,,,,,,,,,,,,,,,,,,,,,,,,,,,,,,,,,,,,,,,,,,,,,,,,
148,Learner,2023-2024,Female,8,White,Non-Durham Private School,Private,Clayton,27527,Health,No,100,4,4,2,3,4,5,5,4,4,5,5,5,4,4,4,4,4,5,4,5,5,4,4,3,5,5,5,3,3,4.2,4.083333333,4.666666667,4.5,5,4,3,3,5,5,5,3,4,5,5,5,4,4,4,5,5,5,5,5,4,4,4,3,5,4,5,3,3,4.6,4.166666667,4.333333333,4.75,,,,,,,,,,,,,,,,,,,,,,,,,,,,,,,,,,,,,,,,,,,,,,,,,,,,,,,,,,,,,,,,,,,,,,,,,,,,,,,,,,,,,,,,,,,,,,,,,,,,
149,Learner,2023-2024,Male,8,Other,Non-Durham Private School,Private,Durham,27705,Light,No,100,5,3,3,3,5,5,5,4,4,5,5,4,5,5,4,5,5,5,4,5,4,4,5,5,5,4,3,4,4,4.6,4.25,4.666666667,4.75,4,4,3,3,5,5,5,5,5,4,5,5,5,5,5,5,5,5,5,5,5,5,5,5,5,5,5,5,5,4.8,4.5,5,5,,,,,,,,,,,,,,,,,,,,,,,,,,,,,,,,,,,,,,,,,,,,,,,,,,,,,,,,,,,,,,,,,,,,,,,,,,,,,,,,,,,,,,,,,,,,,,,,,,,,
150,Learner,2023-2024,Female,6,Asian,Non-Durham Private School,Private,Cary,27519,Health,No,Dropped,5,4,5,5,4,5,5,3,3,5,5,5,5,5,5,3,5,5,3,3,4,4,3,3,5,4,3,3,3,5,4.5,4.333333333,4.5,,,,,,,,,,,,,,,,,,,,,,,,,,,,,,,,,,,,,,,,,,,,,,,,,,,,,,,,,,,,,,,,,,,,,,,,,,,,,,,,,,,,,,,,,,,,,,,,,,,,,,,,,,,,,,,,,,,,,,,,,,,,,,,,,,,,,
151,Learner,2023-2024,Male,6,White,Githens,DPS,Durham,27705,Light,No,85.71428571,5,5,5,4,4,4,3,5,5,4,5,4,4,4,5,3,5,5,5,4,5,4,4,3,4,5,2,4,4,4.6,4.416666667,4.333333333,4,4,5,4,4,4,4,4,5,5,4,4,5,4,4,4,4,4,4,4,4,4,4,4,4,5,4,3,4,4,4.2,4.333333333,4.333333333,4.25,,,,,,,,,,,,,,,,,,,,,,,,,,,,,,,,,,,,,,,,,,,,,,,,,,,,,,,,,,,,,,,,,,,,,,,,,,,,,,,,,,,,,,,,,,,,,,,,,,,,
152,Learner,2023-2024,Female,6,Other,Rogers-Herr,Magnet,Durham,27705,Health,No,Dropped,4,4,5,3,5,5,4,4,5,5,4,5,5,4,3,4,4,3,5,5,5,4,4,5,5,4,4,5,4,4.2,4.5,3.666666667,4.5,,,,,,,,,,,,,,,,,,,,,,,,,,,,,,,,,,,,,,,,,,,,,,,,,,,,,,,,,,,,,,,,,,,,,,,,,,,,,,,,,,,,,,,,,,,,,,,,,,,,,,,,,,,,,,,,,,,,,,,,,,,,,,,,,,,,,
153,Learner,2023-2024,Male,7,Black,Durham Private School,Private,Durham,27707,Health,No,57.14285714,3,3,3,1,3,4,1,4,4,3,4,4,3,3,3,3,3,3,4,4,4,4,5,3,4,4,2,3,3,3.2,3.25,2.666666667,3.5,4,3,4,1,3,3,1,5,3,4,4,4,3,2,3,2,3,2,3,4,3,3,4,2,3,4,2,3,3,3.4,3.25,2.666666667,3.25,,,,,,,,,,,,,,,,,,,,,,,,,,,,,,,,,,,,,,,,,,,,,,,,,,,,,,,,,,,,,,,,,,,,,,,,,,,,,,,,,,,,,,,,,,,,,,,,,,,,
154,Learner,2023-2024,Female,6,Black,Other Durham Public/Charter School,Other Durham Public/Charter School,Durham,27704,Water,No,100,4,4,3,3,5,5,4,5,5,4,4,4,5,4,5,4,4,4,5,5,4,4,4,4,4,4,4,4,4,4.4,4.25,4.333333333,4.25,4,4,3,4,4,5,5,4,5,4,4,4,4,4,5,5,4,4,4,5,4,4,4,4,4,4,3,3,4,4.2,4.083333333,4.333333333,4.25,,,,,,,,,,,,,,,,,,,,,,,,,,,,,,,,,,,,,,,,,,,,,,,,,,,,,,,,,,,,,,,,,,,,,,,,,,,,,,,,,,,,,,,,,,,,,,,,,,,,
155,Learner,2023-2024,Male,7,White,Brodgen,DPS,Durham,27705,Light,No,100,4,5,5,5,4,5,5,5,5,4,4,5,5,4,5,5,5,5,5,5,3,4,4,4,5,4,1,1,2,4.8,4.666666667,5,4.75,5,5,5,5,5,4,5,5,5,5,5,5,5,5,5,4,5,5,5,5,5,5,5,5,5,5,2,2,4,5,4.916666667,5,4.75,,,,,,,,,,,,,,,,,,,,,,,,,,,,,,,,,,,,,,,,,,,,,,,,,,,,,,,,,,,,,,,,,,,,,,,,,,,,,,,,,,,,,,,,,,,,,,,,,,,,
156,Learner,2023-2024,Female,6,"Hispanic, Latino, or Spanish origin",Durham Private School,Private,Durham,27707,Health,No,100,4,3,5,3,2,3,2,4,3,4,4,5,5,4,4,4,5,5,4,4,5,4,3,4,5,5,3,4,5,4.6,3.75,3.666666667,4.5,5,4,4,3,4,5,3,5,3,5,5,5,5,4,5,4,5,5,4,4,4,5,5,4,4,5,5,5,4,5,4.333333333,4.333333333,4.75,,,,,,,,,,,,,,,,,,,,,,,,,,,,,,,,,,,,,,,,,,,,,,,,,,,,,,,,,,,,,,,,,,,,,,,,,,,,,,,,,,,,,,,,,,,,,,,,,,,,
157,Learner,2023-2024,Female,6,White,Githens,DPS,Durham,27705,Water,No,100,5,5,5,4,4,4,4,4,4,4,4,5,4,4,4,4,4,4,4,4,4,4,4,3,5,4,3,3,4,4.4,4.25,4,4.25,5,4,3,4,4,3,4,4,3,5,5,5,4,4,5,5,4,5,5,5,5,5,5,3,5,5,3,3,3,4.6,4,4.333333333,4.75,,,,,,,,,,,,,,,,,,,,,,,,,,,,,,,,,,,,,,,,,,,,,,,,,,,,,,,,,,,,,,,,,,,,,,,,,,,,,,,,,,,,,,,,,,,,,,,,,,,,
158,Learner,2023-2024,Male,7,Black,Non-Durham Public School,Public,Cary,27519,Light,No,85.71428571,4,4,3,3,4,3,4,4,3,3,4,4,4,3,3,4,3,4,3,4,4,4,4,2,4,3,2,2,2,3.6,3.5,4,4,4,4,3,3,4,4,3,4,4,4,4,4,4,3,4,4,3,4,4,4,4,4,4,4,4,3,4,3,3,3.8,3.75,3.666666667,4,,,,,,,,,,,,,,,,,,,,,,,,,,,,,,,,,,,,,,,,,,,,,,,,,,,,,,,,,,,,,,,,,,,,,,,,,,,,,,,,,,,,,,,,,,,,,,,,,,,,
159,Learner,2023-2024,Female,6,Black,Durham Private School,Private,Durham,27705,Health,No,71.42857143,4,4,4,5,4,4,5,4,4,4,4,4,4,4,4,4,4,4,4,4,4,4,4,3,4,4,4,4,4,4,4.083333333,4.333333333,4,5,4,1,1,5,4,4,3,3,3,4,3,4,3,5,5,5,5,4,4,5,5,5,3,5,3,2,5,4,4.4,3.166666667,4,4,,,,,,,,,,,,,,,,,,,,,,,,,,,,,,,,,,,,,,,,,,,,,,,,,,,,,,,,,,,,,,,,,,,,,,,,,,,,,,,,,,,,,,,,,,,,,,,,,,,,
160,Learner,2023-2024,Male,7,Black,Githens,DPS,Durham,27707,Health,No,Dropped,5,5,5,5,5,5,5,4,5,4,4,5,4,5,5,4,4,4,4,4,5,4,4,4,4,5,4,5,4,4.6,4.666666667,4.333333333,4.25,,,,,,,,,,,,,,,,,,,,,,,,,,,,,,,,,,,,,,,,,,,,,,,,,,,,,,,,,,,,,,,,,,,,,,,,,,,,,,,,,,,,,,,,,,,,,,,,,,,,,,,,,,,,,,,,,,,,,,,,,,,,,,,,,,,,,
161,Learner,2023-2024,Female,7,White,Durham School of the Arts,Magnet,Durham,27712,Light,No,100,5,5,5,5,4,4,3,4,4,5,5,5,5,5,4,3,4,4,4,4,4,4,4,3,5,5,3,5,4,4.6,4.666666667,3.666666667,4.5,5,5,5,5,5,4,4,4,4,5,5,5,4,5,5,5,5,5,5,5,5,5,5,4,5,5,4,5,5,4.8,4.666666667,4.333333333,4.75,,,,,,,,,,,,,,,,,,,,,,,,,,,,,,,,,,,,,,,,,,,,,,,,,,,,,,,,,,,,,,,,,,,,,,,,,,,,,,,,,,,,,,,,,,,,,,,,,,,,
162,Learner,2023-2024,Male,6,Black,Brodgen,DPS,Durham,27705,Water,No,100,4,4,3,4,4,4,4,4,4,4,4,4,4,4,4,3,4,4,3,,,,,,,,,,,4,3.916666667,4,3.75,5,4,4,2,4,4,3,4,4,4,5,5,4,4,4,5,5,5,5,4,5,5,5,5,5,5,4,5,5,4.6,4,4,4.75,,,,,,,,,,,,,,,,,,,,,,,,,,,,,,,,,,,,,,,,,,,,,,,,,,,,,,,,,,,,,,,,,,,,,,,,,,,,,,,,,,,,,,,,,,,,,,,,,,,,
163,Learner,2023-2024,Female,6,Black,Lakewood,DPS,Durham,27705,Light,No,100,5,3,3,2,4,5,4,4,5,4,4,5,3,5,4,4,4,4,4,4,5,4,4,4,4,4,4,3,4,4.2,3.916666667,4,4,5,4,4,3,5,5,4,5,4,5,5,4,3,4,5,5,4,4,5,5,5,4,4,5,5,5,4,4,4,4.2,4.25,4.333333333,4.25,,,,,,,,,,,,,,,,,,,,,,,,,,,,,,,,,,,,,,,,,,,,,,,,,,,,,,,,,,,,,,,,,,,,,,,,,,,,,,,,,,,,,,,,,,,,,,,,,,,,
164,Learner,2023-2024,Male,6,Asian,Non-Durham Public School,Public,Raleigh,27519,Health,No,100,5,5,4,4,4,5,5,3,3,4,4,4,5,5,4,4,4,4,3,4,4,4,4,3,4,5,5,5,5,4.4,4.166666667,4,4.25,5,4,3,4,4,3,4,4,3,4,4,5,5,4,4,5,5,4,5,5,4,4,4,3,4,4,5,5,5,4.8,3.916666667,4,4.75,,,,,,,,,,,,,,,,,,,,,,,,,,,,,,,,,,,,,,,,,,,,,,,,,,,,,,,,,,,,,,,,,,,,,,,,,,,,,,,,,,,,,,,,,,,,,,,,,,,,
165,Learner,2023-2024,Female,6,White,Durham Private School,Private,Durham,27713,Health,No,100,4,4,4,3,5,5,4,5,5,5,5,5,4,4,5,4,4,4,4,4,5,4,4,3,4,4,4,3,4,4.4,4.5,4.333333333,4.5,4,4,3,2,5,4,4,5,4,4,4,4,4,4,4,4,4,5,4,5,4,4,4,3,4,4,3,4,4,4,3.916666667,4.666666667,4,,,,,,,,,,,,,,,,,,,,,,,,,,,,,,,,,,,,,,,,,,,,,,,,,,,,,,,,,,,,,,,,,,,,,,,,,,,,,,,,,,,,,,,,,,,,,,,,,,,,
166,Learner,2023-2024,Male,6,Other,Lakewood,DPS,Durham,27704,Health,No,85.71428571,3,4,3,,4,3,2,4,2,3,3,3,2,2,3,4,2,3,3,4,4,3,3,1,5,3,2,3,3,2.6,3,3,3,4,5,3,2,4,3,4,5,2,3,4,3,3,2,5,4,3,4,3,5,4,3,3,2,5,3,3,3,3,3.6,3.25,4.333333333,3.5,,,,,,,,,,,,,,,,,,,,,,,,,,,,,,,,,,,,,,,,,,,,,,,,,,,,,,,,,,,,,,,,,,,,,,,,,,,,,,,,,,,,,,,,,,,,,,,,,,,,
167,Learner,2023-2024,Female,6,Black,Durham School of the Arts,Magnet,Durham,27701,Health,No,100,5,4,4,3,5,5,4,4,4,5,4,5,4,4,4,5,4,4,4,5,5,4,4,3,5,5,4,4,5,4.4,4.25,4,4.5,5,4,4,4,5,4,4,4,4,5,4,4,4,5,3,4,4,4,4,5,,4,5,4,4,5,3,4,5,4,4.25,4,4,,,,,,,,,,,,,,,,,,,,,,,,,,,,,,,,,,,,,,,,,,,,,,,,,,,,,,,,,,,,,,,,,,,,,,,,,,,,,,,,,,,,,,,,,,,,,,,,,,,,
168,Learner,2023-2024,Female,7,Black,Durham School of the Arts,Magnet,Durham,27713,Water,No,100,5,4,4,5,4,4,5,5,5,5,5,5,4,5,5,5,5,4,4,5,4,4,5,4,5,5,3,3,3,4.8,4.583333333,4.666666667,4.75,5,5,5,4,4,4,5,5,5,5,5,4,4,4,4,4,5,4,5,3,5,4,5,4,5,5,3,4,5,4.4,4.5,4.666666667,4.25,,,,,,,,,,,,,,,,,,,,,,,,,,,,,,,,,,,,,,,,,,,,,,,,,,,,,,,,,,,,,,,,,,,,,,,,,,,,,,,,,,,,,,,,,,,,,,,,,,,,
169,Learner,2023-2024,Female,6,White,Lakewood,DPS,Durham,27705,Light,No,85.71428571,3,4,2,3,4,3,2,4,5,4,5,4,4,3,4,4,4,5,4,5,5,4,4,3,3,3,3,5,5,3.8,3.75,3.666666667,4.25,4,4,3,3,5,3,3,4,4,4,4,4,5,4,5,4,5,4,3,4,5,5,4,3,4,5,3,5,5,4.6,3.916666667,3.666666667,4.25,,,,,,,,,,,,,,,,,,,,,,,,,,,,,,,,,,,,,,,,,,,,,,,,,,,,,,,,,,,,,,,,,,,,,,,,,,,,,,,,,,,,,,,,,,,,,,,,,,,,
170,Learner,2023-2024,Male,7,White,Brodgen,DPS,Durham,27705,Water,No,100,5,5,3,3,4,3,4,5,4,4,4,4,3,3,4,3,4,4,4,4,3,4,4,2,4,4,3,4,4,4,3.75,4.333333333,3.5,5,5,5,5,5,5,5,5,5,5,5,5,5,5,5,5,5,5,5,5,5,5,5,5,5,5,3,4,5,5,5,5,5,,,,,,,,,,,,,,,,,,,,,,,,,,,,,,,,,,,,,,,,,,,,,,,,,,,,,,,,,,,,,,,,,,,,,,,,,,,,,,,,,,,,,,,,,,,,,,,,,,,,
171,Learner,2023-2024,Male,6,"Hispanic, Latino, or Spanish origin",Githens,DPS,Durham,27707,Light,No,85.71428571,4,5,5,4,4,4,4,5,5,4,4,4,5,5,5,4,4,5,5,5,5,4,5,4,4,5,4,4,4,4.4,4.5,4.666666667,4.25,4,4,4,3,4,4,4,5,5,4,5,4,4,4,5,5,4,4,4,5,5,4,4,5,4,4,3,5,3,4.2,4.166666667,4.333333333,4.5,,,,,,,,,,,,,,,,,,,,,,,,,,,,,,,,,,,,,,,,,,,,,,,,,,,,,,,,,,,,,,,,,,,,,,,,,,,,,,,,,,,,,,,,,,,,,,,,,,,,
172,Learner,2023-2024,they/them/their,8,White,Non-Durham Public School,Public,Chapel Hill,27514,Light,No,100,4,4,4,4,4,4,4,4,4,4,4,4,4,4,4,4,4,4,4,4,4,4,4,4,4,4,3,4,4,4,4,4,4,4,4,3,5,4,3,4,5,5,5,5,5,4,5,4,4,4,5,4,5,4,4,4,3,5,4,2,4,4,4.2,4.416666667,4.666666667,4.5,,,,,,,,,,,,,,,,,,,,,,,,,,,,,,,,,,,,,,,,,,,,,,,,,,,,,,,,,,,,,,,,,,,,,,,,,,,,,,,,,,,,,,,,,,,,,,,,,,,,
173,Learner,2023-2024,Female,6,"Hispanic, Latino, or Spanish origin",Githens,DPS,Durham,27713,Health,No,85.71428571,4,4,4,4,4,4,4,4,4,4,4,4,4,4,4,4,4,4,4,4,4,4,4,4,4,4,4,4,4,4,4,4,4,4,4,4,4,4,4,5,4,3,4,3,4,4,4,3,4,4,4,3,4,4,4,4,3,4,4,4,4,4,3.8,3.833333333,4.333333333,3.75,,,,,,,,,,,,,,,,,,,,,,,,,,,,,,,,,,,,,,,,,,,,,,,,,,,,,,,,,,,,,,,,,,,,,,,,,,,,,,,,,,,,,,,,,,,,,,,,,,,,
174,Learner,2023-2024,Female,6,Black & White (the form only allows a single selection),Durham Private School,Private,Durham,27713,Water,No,100,5,5,4,3,5,5,5,5,5,5,5,5,5,5,5,5,5,5,4,5,5,4,4,4,5,5,5,4,4,5,4.75,5,5,4,5,4,4,5,5,5,5,5,5,5,5,5,5,5,5,5,5,5,5,5,5,5,5,5,5,4,4,5,4.8,4.833333333,5,5,,,,,,,,,,,,,,,,,,,,,,,,,,,,,,,,,,,,,,,,,,,,,,,,,,,,,,,,,,,,,,,,,,,,,,,,,,,,,,,,,,,,,,,,,,,,,,,,,,,,
175,Learner,2023-2024,Male,6,White,Brodgen,DPS,Durham,27705,Light,No,100,5,5,4,4,4,4,4,3,4,5,4,5,4,4,4,4,4,4,4,4,4,4,4,4,4,4,5,3,4,4.4,4.166666667,3.666666667,4.25,4,5,3,4,5,3,4,5,4,4,4,4,4,3,4,3,4,5,4,4,5,4,4,3,4,3,4,4,4,4,4,4.666666667,3.75,,,,,,,,,,,,,,,,,,,,,,,,,,,,,,,,,,,,,,,,,,,,,,,,,,,,,,,,,,,,,,,,,,,,,,,,,,,,,,,,,,,,,,,,,,,,,,,,,,,,
176,Learner,2023-2024,Female,6,Black,Other Durham Public/Charter School,Other Durham Public/Charter School,Durham,27703,Health,No,Dropped,5,4,5,4,4,5,4,4,5,5,5,5,5,5,4,4,5,5,4,4,5,4,4,5,5,5,5,5,5,4.8,4.666666667,4.333333333,4.75,,,,,,,,,,,,,,,,,,,,,,,,,,,,,,,,,,,,,,,,,,,,,,,,,,,,,,,,,,,,,,,,,,,,,,,,,,,,,,,,,,,,,,,,,,,,,,,,,,,,,,,,,,,,,,,,,,,,,,,,,,,,,,,,,,,,,
177,Learner,2023-2024,Female,6,Black,Durham School of the Arts,Magnet,Durham,27705,Water,No,Dropped,4,2,5,3,4,4,2,2,2,4,3,5,3,3,2,3,2,3,3,4,1,2,2,2,3,4,4,3,2,3.2,3.333333333,2.333333333,3.5,,,,,,,,,,,,,,,,,,,,,,,,,,,,,,,,,,,,,,,,,,,,,,,,,,,,,,,,,,,,,,,,,,,,,,,,,,,,,,,,,,,,,,,,,,,,,,,,,,,,,,,,,,,,,,,,,,,,,,,,,,,,,,,,,,,,,
178,Learner,2023-2024,Female,6,Asian,Non-Durham Public School,Public,Cary,27519,Water,No,Dropped,4,4,3,4,5,5,4,5,5,4,4,4,4,5,5,3,4,4,5,5,4,4,5,4,5,5,3,5,5,4.2,4.333333333,4.333333333,3.75,,,,,,,,,,,,,,,,,,,,,,,,,,,,,,,,,,,,,,,,,,,,,,,,,,,,,,,,,,,,,,,,,,,,,,,,,,,,,,,,,,,,,,,,,,,,,,,,,,,,,,,,,,,,,,,,,,,,,,,,,,,,,,,,,,,,,
179,Learner,2023-2024,Male,8,White,Brodgen,DPS,Durham,27705,Light,No,100,5,5,4,3,5,4,3,3,4,5,5,4,4,4,3,4,3,4,5,5,5,3,3,2,4,4,4,5,5,3.8,4.166666667,3.333333333,4.25,5,5,4,4,5,4,4,4,4,5,5,5,4,4,3,3,3,4,4,3,5,3,4,3,4,4,4,4,4,4,4.416666667,4,4.25,,,,,,,,,,,,,,,,,,,,,,,,,,,,,,,,,,,,,,,,,,,,,,,,,,,,,,,,,,,,,,,,,,,,,,,,,,,,,,,,,,,,,,,,,,,,,,,,,,,,
180,Learner,2023-2024,Female,6,White,Githens,DPS,Durham,27707,Light,No,100,3,5,5,5,4,4,4,4,3,4,2,3,2,3,3,4,2,3,4,3,5,3,4,4,5,2,1,4,4,2.6,3.666666667,3.666666667,2.75,4,5,5,5,5,5,5,4,3,4,3,4,4,5,3,3,3,4,5,4,5,4,4,3,4,3,1,3,4,3.6,4.333333333,4.333333333,3.5,,,,,,,,,,,,,,,,,,,,,,,,,,,,,,,,,,,,,,,,,,,,,,,,,,,,,,,,,,,,,,,,,,,,,,,,,,,,,,,,,,,,,,,,,,,,,,,,,,,,
181,Learner,2023-2024,Female,6,"Hispanic, Latino, or Spanish origin",Other Durham Public/Charter School,Other Durham Public/Charter School,Durham,27712,Light,No,100,4,5,2,4,5,4,4,5,4,4,5,4,3,4,4,4,3,4,4,4,4,3,4,3,4,4,3,4,3,3.6,4.083333333,4.333333333,4,4,5,2,3,4,3,4,4,4,4,3,2,3,4,4,4,3,4,3,4,4,2,3,3,5,4,3,3,4,3.2,3.416666667,4,3,,,,,,,,,,,,,,,,,,,,,,,,,,,,,,,,,,,,,,,,,,,,,,,,,,,,,,,,,,,,,,,,,,,,,,,,,,,,,,,,,,,,,,,,,,,,,,,,,,,,
182,Learner,2023-2024,Female,7,Asian,Non-Durham Public School,Public,Cary,27519,Health,No,71.42857143,5,4,5,3,4,5,5,4,3,5,5,5,5,5,4,4,4,4,4,4,4,1,1,1,5,5,4,5,4,4.6,4.416666667,4.333333333,4.75,5,4,3,2,5,5,5,4,4,5,4,5,5,5,5,5,5,5,5,5,5,5,5,2,4,5,5,5,5,5,4.25,4.666666667,4.75,,,,,,,,,,,,,,,,,,,,,,,,,,,,,,,,,,,,,,,,,,,,,,,,,,,,,,,,,,,,,,,,,,,,,,,,,,,,,,,,,,,,,,,,,,,,,,,,,,,,
183,Learner,2023-2024,they/them/their,6,White,Other Durham Public/Charter School,Other Durham Public/Charter School,Durham,27703,Light,No,100,4,3,1,2,3,4,4,4,5,4,4,3,4,4,4,3,4,4,4,4,4,4,4,3,5,4,2,3,4,3.8,3.416666667,4,3.5,4,4,3,2,4,4,4,5,5,4,5,4,4,4,4,4,4,4,4,4,4,4,4,3,5,4,2,3,4,4,4,4.333333333,4.25,,,,,,,,,,,,,,,,,,,,,,,,,,,,,,,,,,,,,,,,,,,,,,,,,,,,,,,,,,,,,,,,,,,,,,,,,,,,,,,,,,,,,,,,,,,,,,,,,,,,
184,Learner,2023-2024,Female,7,Asian,Non-Durham Public School,Public,Apex,27523,Water,No,85.71428571,3,4,4,4,2,3,2,2,3,5,4,4,4,2,2,4,4,3,2,2,5,3,2,1,2,3,4,4,4,3.4,3.416666667,2.333333333,4,1,5,4,4,2,2,2,4,2,4,4,4,3,2,4,5,3,4,4,4,5,4,4,2,4,4,2,3,2,3,3.333333333,3.333333333,4,,,,,,,,,,,,,,,,,,,,,,,,,,,,,,,,,,,,,,,,,,,,,,,,,,,,,,,,,,,,,,,,,,,,,,,,,,,,,,,,,,,,,,,,,,,,,,,,,,,,
185,Learner,2023-2024,Female,6,Black,Lakewood,DPS,Durham,27707,Health,No,85.71428571,4,4,5,5,4,5,5,4,5,5,5,4,4,5,4,4,4,4,4,4,3,3,3,4,5,5,4,4,4,4,4.583333333,4.333333333,4.25,4,4,5,5,4,5,5,4,5,5,5,5,4,5,4,4,5,4,4,4,4,4,4,4,5,5,4,4,4,4.4,4.666666667,4.333333333,4.5,,,,,,,,,,,,,,,,,,,,,,,,,,,,,,,,,,,,,,,,,,,,,,,,,,,,,,,,,,,,,,,,,,,,,,,,,,,,,,,,,,,,,,,,,,,,,,,,,,,,
186,Learner,2023-2024,Male,7,Black,Non-Durham Public School,Public,Chapel Hill,27514,Light,No,100,3,4,3,2,4,3,3,3,4,4,4,4,3,4,3,4,4,4,4,4,3,4,4,3,5,4,3,4,3,3.4,3.5,3.333333333,3.75,3,5,3,2,3,3,2,4,3,4,4,4,3,3,3,4,3,5,4,4,5,4,4,3,5,3,2,3,3,3.2,3.416666667,3.666666667,3.75,,,,,,,,,,,,,,,,,,,,,,,,,,,,,,,,,,,,,,,,,,,,,,,,,,,,,,,,,,,,,,,,,,,,,,,,,,,,,,,,,,,,,,,,,,,,,,,,,,,,
187,Learner,2023-2024,Female,7,Black,Brodgen,DPS,Durham,27705,Light,No,Dropped,5,5,4,3,5,4,3,3,5,4,5,4,5,3,4,4,5,5,4,3,4,4,4,4,4,5,4,5,5,4.6,4.166666667,3.666666667,4.5,,,,,,,,,,,,,,,,,,,,,,,,,,,,,,,,,,,,,,,,,,,,,,,,,,,,,,,,,,,,,,,,,,,,,,,,,,,,,,,,,,,,,,,,,,,,,,,,,,,,,,,,,,,,,,,,,,,,,,,,,,,,,,,,,,,,,
188,Learner,2023-2024,Male,8,Asian,Non-Durham Public School,Public,Raleigh,27519,Water,No,85.71428571,5,4,3,,5,5,5,4,5,5,5,5,4,5,4,3,4,4,4,3,4,3,5,5,4,4,5,4,3,4.4,4.545454545,4.333333333,4.25,5,5,5,4,5,5,4,5,5,4,4,5,3,5,4,4,5,5,5,3,5,3,4,4,5,3,3,4,5,4.4,4.583333333,4.666666667,4,,,,,,,,,,,,,,,,,,,,,,,,,,,,,,,,,,,,,,,,,,,,,,,,,,,,,,,,,,,,,,,,,,,,,,,,,,,,,,,,,,,,,,,,,,,,,,,,,,,,
189,Learner,2023-2024,Female,8,White,Githens,DPS,Durham,27707,Light,No,85.71428571,4,4,4,3,4,4,4,4,4,4,4,4,4,4,3,4,4,4,3,4,4,4,4,3,5,4,4,4,4,3.8,3.916666667,4,4,5,5,3,3,5,3,4,4,3,5,5,5,4,3,4,4,4,4,4,4,4,4,4,4,4,4,4,4,4,4.4,4,4,4.5,,,,,,,,,,,,,,,,,,,,,,,,,,,,,,,,,,,,,,,,,,,,,,,,,,,,,,,,,,,,,,,,,,,,,,,,,,,,,,,,,,,,,,,,,,,,,,,,,,,,
190,Learner,2023-2024,Female,6,Multiple,Durham School of the Arts,Magnet,Durham,27701,Water,No,100,5,4,5,4,5,5,5,5,5,5,5,5,5,5,5,5,5,5,5,5,5,5,5,4,5,5,5,4,4,5,4.833333333,5,5,5,4,4,4,5,5,5,5,5,5,4,4,4,5,5,5,4,5,5,5,5,5,5,4,5,4,4,5,5,4.4,4.5,5,4.25,,,,,,,,,,,,,,,,,,,,,,,,,,,,,,,,,,,,,,,,,,,,,,,,,,,,,,,,,,,,,,,,,,,,,,,,,,,,,,,,,,,,,,,,,,,,,,,,,,,,
191,Learner,2023-2024,,6,Black,Githens,DPS,Durham,27707,Water,No,100,4,4,4,5,4,4,5,4,4,4,4,4,4,4,4,5,4,4,5,5,4,4,5,4,4,4,5,4,4,4,4.083333333,4.333333333,4.25,4,4,5,4,5,4,4,5,4,4,5,5,5,4,4,4,4,4,4,4,4,4,4,4,5,5,4,4,4,4.4,4.5,4.333333333,4.75,,,,,,,,,,,,,,,,,,,,,,,,,,,,,,,,,,,,,,,,,,,,,,,,,,,,,,,,,,,,,,,,,,,,,,,,,,,,,,,,,,,,,,,,,,,,,,,,,,,,
192,Learner,2023-2024,Male,8,Asian,Brodgen,DPS,Durham,27705,Water,No,100,5,5,5,4,4,4,5,4,4,5,5,5,5,5,5,4,5,5,4,5,5,5,5,4,5,5,5,5,5,5,4.583333333,4.666666667,4.75,5,5,5,5,5,5,5,5,5,5,5,5,5,5,5,5,5,5,5,5,5,5,5,5,5,5,5,5,3,5,5,5,5,,,,,,,,,,,,,,,,,,,,,,,,,,,,,,,,,,,,,,,,,,,,,,,,,,,,,,,,,,,,,,,,,,,,,,,,,,,,,,,,,,,,,,,,,,,,,,,,,,,,
193,Learner,2023-2024,Male,6,Black,Rogers-Herr,Magnet,Durham,27703,Water,No,100,4,4,4,5,4,4,5,4,4,4,4,4,4,4,4,4,4,4,4,3,3,4,4,4,4,4,4,4,4,4,4.083333333,4.333333333,4,4,4,4,4,5,5,5,5,4,4,5,4,4,4,5,4,4,4,4,4,4,4,5,4,4,5,4,4,5,4.2,4.333333333,4.666666667,4.25,,,,,,,,,,,,,,,,,,,,,,,,,,,,,,,,,,,,,,,,,,,,,,,,,,,,,,,,,,,,,,,,,,,,,,,,,,,,,,,,,,,,,,,,,,,,,,,,,,,,
194,Learner,2023-2024,Female,6,Asian,Non-Durham Private School,Private,Other,27519,Light,No,100,5,4,5,4,4,4,4,4,4,5,4,4,5,4,4,4,4,4,4,4,4,4,4,4,4,4,4,4,5,4.4,4.25,4,4.25,5,4,5,5,4,5,5,5,5,5,5,5,5,5,4,5,4,5,4,5,5,5,5,5,5,5,4,4,4,4.6,4.833333333,5,5,,,,,,,,,,,,,,,,,,,,,,,,,,,,,,,,,,,,,,,,,,,,,,,,,,,,,,,,,,,,,,,,,,,,,,,,,,,,,,,,,,,,,,,,,,,,,,,,,,,,
195,Learner,2023-2024,Female,6,Black,Other Durham Public/Charter School,Other Durham Public/Charter School,Chapel Hill,27516,Health,No,Dropped,5,5,5,5,5,5,5,5,5,5,5,5,5,5,5,4,5,4,4,4,4,4,4,5,4,4,4,4,4,5,5,4.666666667,4.75,,,,,,,,,,,,,,,,,,,,,,,,,,,,,,,,,,,,,,,,,,,,,,,,,,,,,,,,,,,,,,,,,,,,,,,,,,,,,,,,,,,,,,,,,,,,,,,,,,,,,,,,,,,,,,,,,,,,,,,,,,,,,,,,,,,,,
124,Learner,2022-2023,Female,8,Other,West Cary Middle,Public,Cary,27519,Health,No,100,4,3,4,4,2,5,5,3,4,5,5,4,5,5,3,3,4,5,3,5,4,4,4,,,,,,,4,4.083333333,4.333333333,4.25,4,4,5,4,4,5,5,4,3,5,4,4,4,5,5,4,4,4,3,4,5,4,4,,,,,,,4.2,4.25,4.333333333,4,,,,,,,,,,,,,,,,,,,,,,,,,,,,,,,,,,,,,,,,,,,,,,,,,,,,,,,,,,,,,,,,,,,,,,,,,,,,,,,,,,,,,,,,,,,,,,,,,,,,
102,Learner,2022-2023,Male,7,Asian,Lakewood Montessori Middle School,DPS,Durham,27713,Light,No,Dropped,5,5,4,4,5,4,5,5,5,5,5,5,5,5,5,4,5,5,5,5,5,5,5,,,,,,,5,4.75,5,4.75,,,,,,,,,,,,,,,,,,,,,,,,,,,,,,,,,,,,,,,,,,,,,,,,,,,,,,,,,,,,,,,,,,,,,,,,,,,,,,,,,,,,,,,,,,,,,,,,,,,,,,,,,,,,,,,,,,,,,,,,,,,,,,,,,,,,,
130,Learner,2022-2023,Female,6,White,Rogers-Herr Middle,Magnet,Durham,27707,Health,No,85.71428571,4,5,4,3,5,5,5,5,5,5,5,4,5,5,3,3,5,5,4,5,4,4,5,,,,,,,4.2,4.666666667,5,4.25,5,4,3,4,5,4,5,5,4,5,4,4,4,4,4,4,4,4,4,4,5,4,5,,,,,,,4.2,4.166666667,4.666666667,4,,,,,,,,,,,,,,,,,,,,,,,,,,,,,,,,,,,,,,,,,,,,,,,,,,,,,,,,,,,,,,,,,,,,,,,,,,,,,,,,,,,,,,,,,,,,,,,,,,,,
117,Learner,2022-2023,Male,7,White,Sherwood Githens,DPS,Durham,27713,Water,No,100,4,4,4,5,5,5,5,4,5,5,5,5,4,5,4,4,4,5,4,4,4,4,4,,,,,,,4.2,4.666666667,4.666666667,4.5,5,5,3,5,5,4,5,4,4,5,5,5,5,5,4,4,4,4,4,4,5,4,4,,,,,,,4.6,4.583333333,4.333333333,4.75,,,,,,,,,,,,,,,,,,,,,,,,,,,,,,,,,,,,,,,,,,,,,,,,,,,,,,,,,,,,,,,,,,,,,,,,,,,,,,,,,,,,,,,,,,,,,,,,,,,,
125,Learner,2022-2023,Male,6,Black,Central Park School for Children,Charter,Durham,27713,Health,No,100,3,4,2,3,4,4,2,5,5,4,4,4,2,3,4,4,4,4,3,4,4,4,4,,,,,,,3.4,3.666666667,3.666666667,3.5,4,4,3,3,4,3,4,5,4,4,4,4,4,3,4,4,3,4,4,4,4,4,4,,,,,,,3.8,3.75,4.333333333,4,,,,,,,,,,,,,,,,,,,,,,,,,,,,,,,,,,,,,,,,,,,,,,,,,,,,,,,,,,,,,,,,,,,,,,,,,,,,,,,,,,,,,,,,,,,,,,,,,,,,
133,Learner,2022-2023,Female,6,Asian,Duke School,Private,Durham,27713,Health,No,85.71428571,5,4,5,3,4,4,4,5,5,5,5,5,5,5,5,5,5,5,4,5,5,5,5,,,,,,,5,4.583333333,4.666666667,5,5,5,5,4,4,5,5,5,5,5,5,5,5,5,5,5,5,5,5,5,5,5,5,,,,,,,5,4.833333333,5,5,,,,,,,,,,,,,,,,,,,,,,,,,,,,,,,,,,,,,,,,,,,,,,,,,,,,,,,,,,,,,,,,,,,,,,,,,,,,,,,,,,,,,,,,,,,,,,,,,,,,
99,Learner,2022-2023,Female,8,"Hispanic, Latino, or Spanish origin",Central Park school for children,Charter,Durham,27703,Light,No,71.42857143,5,4,3,2,4,3,1,5,4,4,5,5,5,4,5,5,5,5,5,5,4,5,5,,,,,,,5,4,3.666666667,5,5,4,4,2,5,3,2,5,5,5,5,5,5,5,5,5,5,5,5,5,5,5,5,,,,,,,5,4.416666667,4,5,,,,,,,,,,,,,,,,,,,,,,,,,,,,,,,,,,,,,,,,,,,,,,,,,,,,,,,,,,,,,,,,,,,,,,,,,,,,,,,,,,,,,,,,,,,,,,,,,,,,
108,Learner,2022-2023,Male,6,Black,Durham School of the Arts (DSA),Magnet,Durahm,27704,Water,No,85.71428571,4,2,3,1,5,3,5,5,4,3,4,3,3,4,4,4,3,3,4,4,2,3,3,,,,,,,3.4,3.333333333,4.333333333,3.5,4,3,3,2,5,4,4,5,4,3,5,4,3,4,4,4,3,5,5,5,1,2,4,,,,,,,3.6,3.75,4.666666667,4,,,,,,,,,,,,,,,,,,,,,,,,,,,,,,,,,,,,,,,,,,,,,,,,,,,,,,,,,,,,,,,,,,,,,,,,,,,,,,,,,,,,,,,,,,,,,,,,,,,,
126,Learner,2022-2023,Male,8,"Hispanic, Latino, or Spanish origin",Sherwood Githens,DPS,Durham,27517,Health,No,85.71428571,4,4,4,4,5,4,4,3,3,4,4,4,3,4,3,3,3,4,3,4,4,3,4,,,,,,,3.4,3.833333333,3.666666667,3.5,4,5,4,4,5,5,5,4,3,4,4,4,3,3,4,4,3,4,5,5,4,3,4,,,,,,,3.6,4,4.333333333,3.75,,,,,,,,,,,,,,,,,,,,,,,,,,,,,,,,,,,,,,,,,,,,,,,,,,,,,,,,,,,,,,,,,,,,,,,,,,,,,,,,,,,,,,,,,,,,,,,,,,,,
134,Learner,2022-2023,Male,6,Black,Githens Middle School,DPS,Durham,27713,Health,No,71.42857143,5,5,4,5,4,5,4,4,5,5,5,5,4,5,4,4,5,5,4,4,4,5,4,,,,,,,4.6,4.666666667,4.333333333,4.5,4,5,5,5,4,5,5,2,5,4,4,5,4,5,4,3,4,4,5,4,3,4,4,,,,,,,4.2,4.416666667,3.666666667,4,,,,,,,,,,,,,,,,,,,,,,,,,,,,,,,,,,,,,,,,,,,,,,,,,,,,,,,,,,,,,,,,,,,,,,,,,,,,,,,,,,,,,,,,,,,,,,,,,,,,
104,Learner,2022-2023,Female,6,White,lakewood montessori,DPS,Durham,27701,Water,No,Dropped,,,,,,,,,,,,,,,,,,,,,,,,,,,,,,,,,,,,,,,,,,,,,,,,,,,,,,,,,,,,,,,,,,,,,,,,,,,,,,,,,,,,,,,,,,,,,,,,,,,,,,,,,,,,,,,,,,,,,,,,,,,,,,,,,,,,,,,,,,,,,,,,,,,,,,,,,,,,,,,,,,,,,,
127,Learner,2022-2023,Male,6,Black,Central Park School for Children,Charter,Durham,27713,Health,No,100,4,5,4,3,5,4,3,4,5,3,3,4,4,4,4,4,4,4,4,5,4,5,4,,,,,,,4,4,3.666666667,3.75,4,5,4,3,4,4,3,4,4,5,5,4,4,4,4,4,4,4,4,5,4,4,4,,,,,,,4,4.166666667,3.666666667,4.25,,,,,,,,,,,,,,,,,,,,,,,,,,,,,,,,,,,,,,,,,,,,,,,,,,,,,,,,,,,,,,,,,,,,,,,,,,,,,,,,,,,,,,,,,,,,,,,,,,,,
101,Learner,2022-2023,Male,8,Black,Rogers Herr middle school,Magnet,Durham,27703,Light,No,85.71428571,4,4,5,4,5,5,5,5,5,5,5,4,4,4,4,4,5,4,4,5,4,4,4,,,,,,,4.2,4.583333333,4.666666667,4.25,4,4,4,5,4,4,5,3,4,4,5,4,3,4,3,3,4,4,4,4,4,4,4,,,,,,,3.6,4,4,3.75,,,,,,,,,,,,,,,,,,,,,,,,,,,,,,,,,,,,,,,,,,,,,,,,,,,,,,,,,,,,,,,,,,,,,,,,,,,,,,,,,,,,,,,,,,,,,,,,,,,,
103,Learner,2022-2023,Female,7,Black,Brogden middle school,DPS,Durham,27704,Water,No,Dropped,5,5,5,3,5,5,4,5,4,5,5,5,5,5,5,5,5,4,4,4,4,5,4,,,,,,,5,4.75,4.333333333,5,,,,,,,,,,,,,,,,,,,,,,,,,,,,,,,,,,,,,,,,,,,,,,,,,,,,,,,,,,,,,,,,,,,,,,,,,,,,,,,,,,,,,,,,,,,,,,,,,,,,,,,,,,,,,,,,,,,,,,,,,,,,,,,,,,,,,
106,Learner,2022-2023,Female,6,Black,Central Park School for Children Middle School,Charter,Durham,27703,Water,No,100,4,4,4,4,4,4,4,5,4,4,4,3,3,4,4,4,4,4,4,4,4,4,4,,,,,,,3.6,3.916666667,4.333333333,3.5,4,4,4,4,4,4,4,4,4,4,4,4,4,4,4,4,4,4,4,4,4,4,4,,,,,,,4,4,4,4,,,,,,,,,,,,,,,,,,,,,,,,,,,,,,,,,,,,,,,,,,,,,,,,,,,,,,,,,,,,,,,,,,,,,,,,,,,,,,,,,,,,,,,,,,,,,,,,,,,,
121,Learner,2022-2023,Female,6,Black,Rogers Herr middle school,Magnet,Durham,27703,Water,No,100,5,4,4,2,5,5,4,2,4,4,4,4,5,3,4,4,5,4,4,4,4,5,5,,,,,,,4.6,3.833333333,3.333333333,4.25,5,4,4,2,5,5,4,2,5,5,5,5,5,4,4,5,4,4,4,4,5,5,4,,,,,,,4.6,4.25,3.333333333,5,,,,,,,,,,,,,,,,,,,,,,,,,,,,,,,,,,,,,,,,,,,,,,,,,,,,,,,,,,,,,,,,,,,,,,,,,,,,,,,,,,,,,,,,,,,,,,,,,,,,
136,Learner,2022-2023,Female,7,Black,Maureen Joy charter,Charter,Durham,27704,Health,1,Dropped,4,5,4,3,2,1,4,5,4,4,4,4,4,5,5,4,5,5,3,5,4,5,4,,,,,,,4.4,3.75,4.666666667,4,,,,,,,,,,,,,,,,,,,,,,,,,,,,,,,,,,,,,,,,,,,,,,,,,,,,,,,,,,,,,,,,,,,,,,,,,,,,,,,,,,,,,,,,,,,,,,,,,,,,,,,,,,,,,,,,,,,,,,,,,,,,,,,,,,,,,
100,Learner,2022-2023,Male,6,Black,Central Park Middle School,Charter,Durham,27713,Light,1,100,4,4,3,3,4,4,4,3,3,5,5,4,4,4,3,3,4,4,2,4,4,4,3,,,,,,,3.8,3.833333333,3.666666667,4,4,4,3,3,4,4,4,4,5,4,5,5,4,4,4,4,4,4,4,4,5,4,4,,,,,,,4.2,4.083333333,4,4.5,,,,,,,,,,,,,,,,,,,,,,,,,,,,,,,,,,,,,,,,,,,,,,,,,,,,,,,,,,,,,,,,,,,,,,,,,,,,,,,,,,,,,,,,,,,,,,,,,,,,
114,Learner,2022-2023,Male,6,Black,Sherwood Githens Middle School,DPS,Durham,27705,Water,1,57.14285714,5,4,4,4,4,5,5,5,5,5,5,5,5,5,5,3,5,4,4,5,4,4,4,,,,,,,5,4.666666667,4.666666667,4.5,5,4,4,5,5,5,5,4,5,5,5,4,5,5,4,3,5,4,5,5,4,4,5,,,,,,,4.6,4.666666667,4.333333333,4.25,,,,,,,,,,,,,,,,,,,,,,,,,,,,,,,,,,,,,,,,,,,,,,,,,,,,,,,,,,,,,,,,,,,,,,,,,,,,,,,,,,,,,,,,,,,,,,,,,,,,
120,Learner,2022-2023,Male,6,Black,Githens Middle School,DPS,Durham,27707-9109,Water,1,100,4,5,5,5,5,5,5,5,5,5,5,5,4,5,5,4,5,5,5,5,5,5,5,,,,,,,4.6,4.916666667,5,4.5,5,5,3,5,5,5,5,5,5,5,5,5,5,5,5,5,5,5,5,5,5,5,5,,,,,,,5,4.833333333,5,5,,,,,,,,,,,,,,,,,,,,,,,,,,,,,,,,,,,,,,,,,,,,,,,,,,,,,,,,,,,,,,,,,,,,,,,,,,,,,,,,,,,,,,,,,,,,,,,,,,,,
116,Learner,2022-2023,Female,6,Black,Ligon Middle school,Public,Raleigh,27613,Water,1,100,4,3,2,2,3,2,2,3,2,4,4,4,3,2,2,3,3,,2,2,4,3,4,,,,,,,3.2,2.833333333,2.5,3.5,4,4,1,1,3,2,2,3,2,4,4,4,1,1,2,4,2,3,4,4,3,3,3,,,,,,,2.6,2.5,2.666666667,3.25,,,,,,,,,,,,,,,,,,,,,,,,,,,,,,,,,,,,,,,,,,,,,,,,,,,,,,,,,,,,,,,,,,,,,,,,,,,,,,,,,,,,,,,,,,,,,,,,,,,,
93,Learner,2022-2023,Male,6,Black,Durham School of Arts (DSA),Magnet,Durham,27703,Light,1,85.71428571,4,4,2,2,4,4,2,4,4,3,4,4,4,4,3,3,4,4,4,5,4,5,4,,,,,,,3.8,3.583333333,3.333333333,3.75,4,4,4,2,4,5,3,4,5,3,4,4,4,4,4,5,4,4,4,5,5,4,5,,,,,,,4,3.916666667,3.666666667,4.25,,,,,,,,,,,,,,,,,,,,,,,,,,,,,,,,,,,,,,,,,,,,,,,,,,,,,,,,,,,,,,,,,,,,,,,,,,,,,,,,,,,,,,,,,,,,,,,,,,,,
87,Learner,2022-2023,Male,8,White,Central Park School for Children,Charter,Durham,27705,Light,No,100,4,5,4,5,4,4,4,5,5,5,4,5,4,5,4,4,4,4,5,5,4,4,4,,,,,,,4.2,4.583333333,4.333333333,4.25,4,4,5,5,5,5,5,4,5,5,4,4,4,5,4,4,4,4,5,5,4,4,4,,,,,,,4,4.583333333,4.333333333,4,,,,,,,,,,,,,,,,,,,,,,,,,,,,,,,,,,,,,,,,,,,,,,,,,,,,,,,,,,,,,,,,,,,,,,,,,,,,,,,,,,,,,,,,,,,,,,,,,,,,
86,Learner,2022-2023,Female,8,"Hispanic, Latino, or Spanish origin",Central Park,Charter,Durahm,27704,Light,No,71.42857143,3,4,5,4,4,4,4,4,5,5,4,5,5,4,5,3,4,3,4,5,5,4,4,,,,,,,4.4,4.416666667,3.666666667,4.25,4,5,5,4,4,5,4,5,5,4,4,4,5,4,4,4,5,5,4,5,4,4,5,,,,,,,4.4,4.5,4.666666667,4.25,,,,,,,,,,,,,,,,,,,,,,,,,,,,,,,,,,,,,,,,,,,,,,,,,,,,,,,,,,,,,,,,,,,,,,,,,,,,,,,,,,,,,,,,,,,,,,,,,,,,
110,Learner,2022-2023,Male,8,White,Githens,DPS,Durham,27707,Water,No,Dropped,4,4,3,4,3,4,3,5,4,4,4,3,4,4,5,4,3,4,4,5,4,3,3,,,,,,,3.8,3.833333333,4,3.75,,,,,,,,,,,,,,,,,,,,,,,,,,,,,,,,,,,,,,,,,,,,,,,,,,,,,,,,,,,,,,,,,,,,,,,,,,,,,,,,,,,,,,,,,,,,,,,,,,,,,,,,,,,,,,,,,,,,,,,,,,,,,,,,,,,,,
97,Learner,2022-2023,Male,6,White,Central Park School for Children,Charter,Durham,27707,Light,No,57.14285714,4,4,3,4,4,3,4,3,4,4,3,3,2,4,3,3,3,4,3,3,4,3,4,,,,,,,3,3.416666667,3.666666667,2.75,2,3,1,4,3,2,4,2,3,4,3,1,1,3,2,2,2,2,3,3,4,3,3,,,,,,,1.6,2.5,2.666666667,1.75,,,,,,,,,,,,,,,,,,,,,,,,,,,,,,,,,,,,,,,,,,,,,,,,,,,,,,,,,,,,,,,,,,,,,,,,,,,,,,,,,,,,,,,,,,,,,,,,,,,,
98,Learner,2022-2023,Male,8,White,Central Park School For Children,Charter,Durham,27705,Light,No,Dropped,4,4,3,2,5,4,4,4,5,4,4,5,4,3,4,4,4,5,5,4,3,4,4,,,,,,,4.2,3.916666667,4.333333333,4.25,,,,,,,,,,,,,,,,,,,,,,,,,,,,,,,,,,,,,,,,,,,,,,,,,,,,,,,,,,,,,,,,,,,,,,,,,,,,,,,,,,,,,,,,,,,,,,,,,,,,,,,,,,,,,,,,,,,,,,,,,,,,,,,,,,,,,
131,Learner,2022-2023,Male,6,Black,Neal Middle,Magnet,Durham,27703,Health,No,100,4,4,3,4,5,4,4,4,4,4,5,4,5,4,4,4,4,4,4,4,4,4,4,,,,,,,4.2,4.166666667,4,4.5,5,4,3,3,5,4,4,3,4,4,4,4,4,4,4,4,4,4,4,4,4,4,4,,,,,,,4.2,3.833333333,3.666666667,4,,,,,,,,,,,,,,,,,,,,,,,,,,,,,,,,,,,,,,,,,,,,,,,,,,,,,,,,,,,,,,,,,,,,,,,,,,,,,,,,,,,,,,,,,,,,,,,,,,,,
112,Learner,2022-2023,Male,6,Asian,Immaculata Catholic School,Private,Durham,27707,Water,1,85.71428571,4,4,3,4,4,3,4,3,3,5,4,4,5,5,4,3,4,3,4,4,5,3,4,,,,,,,4.2,3.916666667,3.333333333,4,4,4,3,3,4,4,4,4,4,4,2,4,4,4,4,3,4,4,4,4,3,3,4,,,,,,,4,3.666666667,4,3.25,,,,,,,,,,,,,,,,,,,,,,,,,,,,,,,,,,,,,,,,,,,,,,,,,,,,,,,,,,,,,,,,,,,,,,,,,,,,,,,,,,,,,,,,,,,,,,,,,,,,
115,Learner,2022-2023,Female,7,Black,Excelsior Classical Academy,Charter,Durham,27705,Water,No,100,4,4,2,3,4,4,3,4,4,3,4,4,4,3,4,3,4,4,4,5,4,4,4,,,,,,,4,3.583333333,3.666666667,3.75,4,4,2,1,4,3,2,4,3,3,4,4,4,4,4,4,4,4,3,3,3,3,4,,,,,,,4,3.333333333,3.333333333,4,,,,,,,,,,,,,,,,,,,,,,,,,,,,,,,,,,,,,,,,,,,,,,,,,,,,,,,,,,,,,,,,,,,,,,,,,,,,,,,,,,,,,,,,,,,,,,,,,,,,
69,Learner,2022-2023,Female,7,White,Noble Middle School,Public,Wilmington,28405,Light,2,85.71428571,4,4,3,3,5,5,5,4,4,5,4,5,4,5,5,4,4,5,4,5,5,4,4,,,,,,,4.4,4.25,4.666666667,4.25,5,4,4,4,5,5,5,5,5,4,4,5,4,4,4,5,4,5,4,5,5,5,4,,,,,,,4.4,4.416666667,5,4.5,,,,,,,,,,,,,,,,,,,,,,,,,,,,,,,,,,,,,,,,,,,,,,,,,,,,,,,,,,,,,,,,,,,,,,,,,,,,,,,,,,,,,,,,,,,,,,,,,,,,
135,Learner,2022-2023,Female,7,Black,Sherwood Githens,DPS,Durham,27707,Health,No,Dropped,,,,,,,,,,,,,,,,,,,,,,,,,,,,,,,,,,,,,,,,,,,,,,,,,,,,,,,,,,,,,,,,,,,,,,,,,,,,,,,,,,,,,,,,,,,,,,,,,,,,,,,,,,,,,,,,,,,,,,,,,,,,,,,,,,,,,,,,,,,,,,,,,,,,,,,,,,,,,,,,,,,,,,
91,Learner,2022-2023,Male,8,White,Sherwood Githens Middle,DPS,Durham,27707,Light,No,100,4,4,4,4,4,4,4,5,5,5,5,5,4,5,4,5,4,4,4,5,4,4,4,,,,,,,4.2,4.5,4.333333333,4.75,5,5,5,5,5,4,4,5,5,5,5,5,4,5,5,4,4,4,5,5,4,4,4,,,,,,,4.6,4.833333333,4.333333333,4.5,,,,,,,,,,,,,,,,,,,,,,,,,,,,,,,,,,,,,,,,,,,,,,,,,,,,,,,,,,,,,,,,,,,,,,,,,,,,,,,,,,,,,,,,,,,,,,,,,,,,
109,Learner,2022-2023,Female,6,Mixed Race,Rogers-Herr,Magnet,Durham,27703,Water,No,85.71428571,3,3,4,1,4,2,3,4,3,5,5,5,5,5,5,5,5,5,3,4,4,4,5,,,,,,,4.6,3.833333333,4,5,3,4,2,2,5,4,4,5,5,5,5,5,4,4,4,4,3,4,4,3,5,3,4,,,,,,,3.8,4.166666667,4.333333333,4.5,,,,,,,,,,,,,,,,,,,,,,,,,,,,,,,,,,,,,,,,,,,,,,,,,,,,,,,,,,,,,,,,,,,,,,,,,,,,,,,,,,,,,,,,,,,,,,,,,,,,
111,Learner,2022-2023,Female,7,White,Excelsior Classical Academy,Charter,Durham,27701,Water,No,100,4,4,5,5,4,4,4,3,5,5,4,5,5,5,4,4,4,5,4,4,4,4,4,,,,,,,4.4,4.5,4,4.5,4,4,5,5,4,5,5,3,4,5,5,5,5,5,4,4,4,4,4,4,5,4,4,,,,,,,4.4,4.583333333,4,4.75,,,,,,,,,,,,,,,,,,,,,,,,,,,,,,,,,,,,,,,,,,,,,,,,,,,,,,,,,,,,,,,,,,,,,,,,,,,,,,,,,,,,,,,,,,,,,,,,,,,,
123,Learner,2022-2023,Male,7,"Hispanic, Latino, or Spanish origin",GITHENS elementary,DPS,Durham,27707,Health,No,100,4,2,4,3,4,4,3,3,3,3,5,4,4,3,4,3,4,3,4,4,5,4,3,,,,,,,4,3.5,3,4,4,2,4,1,4,4,2,4,4,3,4,4,3,2,4,4,4,3,4,3,4,4,3,,,,,,,3.8,3.25,3,3.75,,,,,,,,,,,,,,,,,,,,,,,,,,,,,,,,,,,,,,,,,,,,,,,,,,,,,,,,,,,,,,,,,,,,,,,,,,,,,,,,,,,,,,,,,,,,,,,,,,,,
128,Learner,2022-2023,Female,8,White,Margaret Pollard Middle School,Public,Chapel Hill,27517,Health,No,57.14285714,4,4,2,1,4,3,1,1,1,1,4,4,4,3,2,2,4,4,4,4,4,4,4,,,,,,,3.6,2.666666667,2,3.5,4,4,3,1,4,3,1,4,2,1,4,4,4,3,4,4,4,4,4,4,4,4,4,,,,,,,4,3.083333333,3,4,,,,,,,,,,,,,,,,,,,,,,,,,,,,,,,,,,,,,,,,,,,,,,,,,,,,,,,,,,,,,,,,,,,,,,,,,,,,,,,,,,,,,,,,,,,,,,,,,,,,
94,Learner,2022-2023,Female,6,Asian,Mills Park Middle,Public,Cary,27519,Light,No,100,4,3,2,,5,5,5,5,5,5,5,4,4,5,4,5,5,4,3,5,4,5,5,,,,,,,4.2,4.363636364,4.666666667,4.5,4,3,2,3,5,5,5,4,4,5,4,4,4,5,4,4,3,3,4,5,5,4,4,,,,,,,3.8,4,4,4,,,,,,,,,,,,,,,,,,,,,,,,,,,,,,,,,,,,,,,,,,,,,,,,,,,,,,,,,,,,,,,,,,,,,,,,,,,,,,,,,,,,,,,,,,,,,,,,,,,,
138,Learner,2022-2023,Female,7,Asian,Triangle Math and Science Academy,Charter,Apex,27523,Health,1,100,4,5,4,4,4,5,5,4,4,5,5,5,4,5,4,4,5,4,4,4,5,4,4,,,,,,,4.4,4.5,4.333333333,4.5,5,5,5,4,5,5,5,5,5,5,5,5,5,5,4,5,5,5,5,5,5,5,5,,,,,,,4.8,4.916666667,5,5,,,,,,,,,,,,,,,,,,,,,,,,,,,,,,,,,,,,,,,,,,,,,,,,,,,,,,,,,,,,,,,,,,,,,,,,,,,,,,,,,,,,,,,,,,,,,,,,,,,,
90,Learner,2022-2023,Male,6,White,Githens Middle School,DPS,Durham,27713,Light,No,71.42857143,4,5,3,4,4,3,4,5,5,5,4,5,4,4,4,5,5,4,5,5,5,4,4,,,,,,,4.4,4.25,4.333333333,4.5,5,5,3,5,4,4,4,5,4,5,5,5,4,4,4,4,4,5,5,5,4,4,4,,,,,,,4.4,4.416666667,4.666666667,4.5,,,,,,,,,,,,,,,,,,,,,,,,,,,,,,,,,,,,,,,,,,,,,,,,,,,,,,,,,,,,,,,,,,,,,,,,,,,,,,,,,,,,,,,,,,,,,,,,,,,,
113,Learner,2022-2023,Female,7,White,Brogden Middle School,DPS,Durham,27701,Water,1,85.71428571,5,5,5,4,4,5,5,4,5,5,4,5,5,5,4,4,5,4,4,4,4,4,4,,,,,,,4.8,4.666666667,4.333333333,4.5,4,4,4,4,4,4,4,4,4,4,4,4,4,4,4,4,4,4,4,4,4,3,4,,,,,,,4,4,4,4,,,,,,,,,,,,,,,,,,,,,,,,,,,,,,,,,,,,,,,,,,,,,,,,,,,,,,,,,,,,,,,,,,,,,,,,,,,,,,,,,,,,,,,,,,,,,,,,,,,,
107,Learner,2022-2023,Female,6,White,Durham School of the Arts,Magnet,Durham,27713,Water,No,85.71428571,4,4,3,3,4,3,3,4,3,4,4,4,4,4,4,4,4,4,4,4,4,4,4,,,,,,,4,3.666666667,3.666666667,4,5,4,3,3,4,4,3,4,4,4,4,4,4,3,4,4,3,4,4,4,4,3,4,,,,,,,4,3.75,3.666666667,4,,,,,,,,,,,,,,,,,,,,,,,,,,,,,,,,,,,,,,,,,,,,,,,,,,,,,,,,,,,,,,,,,,,,,,,,,,,,,,,,,,,,,,,,,,,,,,,,,,,,
132,Learner,2022-2023,Female,8,White,Voyager Academy,Charter,Durham,27712,Health,No,100,4,2,2,1,3,2,3,1,2,3,3,4,4,3,3,3,3,4,3,4,3,4,4,,,,,,,3.6,2.5,2.666666667,3.5,,,,,,,,,,,,,,,,,,,,,,,,,,,,,,,,,,,,,,,,,,,,,,,,,,,,,,,,,,,,,,,,,,,,,,,,,,,,,,,,,,,,,,,,,,,,,,,,,,,,,,,,,,,,,,,,,,,,,,,,,,,,,,,,,,,,,
95,Learner,2022-2023,Female,6,White,Githens,DPS,Durham,27713,Light,No,71.42857143,5,4,4,3,4,4,4,2,4,4,4,4,4,4,2,3,4,4,4,4,4,4,4,,,,,,,3.8,3.75,3.333333333,3.75,5,4,4,4,5,5,5,5,5,5,5,5,5,5,5,5,5,5,5,5,5,5,5,,,,,,,5,4.75,5,5,,,,,,,,,,,,,,,,,,,,,,,,,,,,,,,,,,,,,,,,,,,,,,,,,,,,,,,,,,,,,,,,,,,,,,,,,,,,,,,,,,,,,,,,,,,,,,,,,,,,
96,Learner,2022-2023,Male,6,Black,The Blake Academy,Private,Cary,27519,Light,No,100,4,4,3,3,3,4,3,5,5,4,4,5,4,4,3,4,4,5,4,4,4,4,4,,,,,,,4,4,4.333333333,4.25,4,5,4,4,5,4,3,5,5,4,4,4,3,4,4,4,4,4,4,4,4,4,4,,,,,,,3.8,4.25,4,3.75,,,,,,,,,,,,,,,,,,,,,,,,,,,,,,,,,,,,,,,,,,,,,,,,,,,,,,,,,,,,,,,,,,,,,,,,,,,,,,,,,,,,,,,,,,,,,,,,,,,,
137,Learner,2022-2023,Female,7,Asian,Durham Academy,Private,Durham,27707,Health,No,100,4,5,2,2,3,3,3,3,3,4,4,4,4,4,3,4,4,4,3,4,4,4,4,,,,,,,3.8,3.416666667,3.333333333,4,4,4,2,2,4,4,4,4,4,4,4,4,4,4,4,4,4,4,4,4,4,4,4,,,,,,,4,3.666666667,4,4,,,,,,,,,,,,,,,,,,,,,,,,,,,,,,,,,,,,,,,,,,,,,,,,,,,,,,,,,,,,,,,,,,,,,,,,,,,,,,,,,,,,,,,,,,,,,,,,,,,,
118,Learner,2022-2023,Female,6,Black,The Blake Academy,Private,"Cary, NC",27519,Water,No,100,5,3,3,2,4,3,3,4,3,4,4,4,5,3,4,4,5,4,4,4,4,4,4,,,,,,,4.6,3.5,3.666666667,4.25,4,3,3,2,3,3,3,3,3,4,4,4,4,3,4,4,4,4,3,4,4,4,4,,,,,,,4,3.25,3.333333333,4,,,,,,,,,,,,,,,,,,,,,,,,,,,,,,,,,,,,,,,,,,,,,,,,,,,,,,,,,,,,,,,,,,,,,,,,,,,,,,,,,,,,,,,,,,,,,,,,,,,,
105,Learner,2022-2023,Female,7,Black,Brogden middle school,DPS,Durham,27701,Water,No,Dropped,5,4,4,4,4,4,4,5,5,5,5,5,5,5,5,4,5,5,5,5,5,5,4,,,,,,,5,4.583333333,4.666666667,4.75,,,,,,,,,,,,,,,,,,,,,,,,,,,,,,,,,,,,,,,,,,,,,,,,,,,,,,,,,,,,,,,,,,,,,,,,,,,,,,,,,,,,,,,,,,,,,,,,,,,,,,,,,,,,,,,,,,,,,,,,,,,,,,,,,,,,,
139,Learner,2022-2023,Female,6,"Hispanic, Latino, or Spanish origin",Butner-Stem Middle School,Public,Butner,27509,Health,1,57.14285714,4,2,1,1,4,4,3,5,5,4,5,3,3,4,4,3,3,4,4,4,3,2,4,,,,,,,3.4,3.416666667,4,3.5,5,4,4,1,5,5,4,5,5,4,5,4,4,5,5,4,4,4,4,5,2,4,5,,,,,,,4.4,4.25,4.333333333,4.25,,,,,,,,,,,,,,,,,,,,,,,,,,,,,,,,,,,,,,,,,,,,,,,,,,,,,,,,,,,,,,,,,,,,,,,,,,,,,,,,,,,,,,,,,,,,,,,,,,,,
92,Learner,2022-2023,Male,7,Asian,Carnage Magnet Middle School,Magnet,Raleigh,27519,Light,No,100,5,4,3,2,5,4,4,5,4,5,5,4,3,5,5,4,4,5,4,4,3,2,5,,,,,,,4.2,4.083333333,4.666666667,4,5,4,3,4,5,5,5,4,4,5,4,5,5,5,5,4,4,4,3,4,4,4,4,,,,,,,4.8,4.416666667,4.333333333,4.5,,,,,,,,,,,,,,,,,,,,,,,,,,,,,,,,,,,,,,,,,,,,,,,,,,,,,,,,,,,,,,,,,,,,,,,,,,,,,,,,,,,,,,,,,,,,,,,,,,,,
129,Learner,2022-2023,Female,6,White,Rogers-Herr Middle School,Magnet,Durham,27707,Health,No,100,4,4,3,2,4,4,4,4,4,5,4,4,4,3,4,3,4,4,4,4,4,4,3,,,,,,,4,3.75,4,3.75,5,4,4,4,5,5,4,4,4,5,5,5,4,4,4,5,4,5,4,4,4,4,4,,,,,,,4.4,4.416666667,4.333333333,4.75,,,,,,,,,,,,,,,,,,,,,,,,,,,,,,,,,,,,,,,,,,,,,,,,,,,,,,,,,,,,,,,,,,,,,,,,,,,,,,,,,,,,,,,,,,,,,,,,,,,,
88,Learner,2022-2023,Male,6,"Hispanic, Latino, or Spanish origin",Lowes Grove Middle School,DPS,Durham,27713,Light,No,85.71428571,,,,,,,,,,,,,,,,,,,,,,,,,,,,,,,,,,5,5,4,5,5,5,5,4,5,5,5,5,5,5,5,5,5,5,5,5,5,5,5,,,,,,,5,4.833333333,4.666666667,5,,,,,,,,,,,,,,,,,,,,,,,,,,,,,,,,,,,,,,,,,,,,,,,,,,,,,,,,,,,,,,,,,,,,,,,,,,,,,,,,,,,,,,,,,,,,,,,,,,,,
89,Learner,2022-2023,Male,7,White,Central Park School for Children,Charter,Durham,27713,Light,No,100,4,4,4,4,3,3,2,4,4,4,4,4,3,4,3,4,3,4,3,4,4,3,3,,,,,,,3.4,3.75,3.333333333,3.75,4,5,4,4,4,3,3,4,5,4,4,4,3,4,4,4,3,4,5,5,4,4,4,,,,,,,3.6,4,3.666666667,3.75,,,,,,,,,,,,,,,,,,,,,,,,,,,,,,,,,,,,,,,,,,,,,,,,,,,,,,,,,,,,,,,,,,,,,,,,,,,,,,,,,,,,,,,,,,,,,,,,,,,,
44,Learner,2021-2022,Male,6,Asian,Rogers Herr Year Round Middle School,Magnet,,,Water,No,Dropped,4,4,3,3,4,4,5,4,4,4,4,5,4,3,4,4,4,4,,,,,,,,,,,,4.2,3.833333333,4.333333333,4.25,,,,,,,,,,,,,,,,,,,,,,,,,,,,,,,,,,,,,,,,,,,,,,,,,,,,,,,,,,,,,,,,,,,,,,,,,,,,,,,,,,,,,,,,,,,,,,,,,,,,,,,,,,,,,,,,,,,,,,,,,,,,,,,,,,,,,
46,Learner,2021-2022,Female,8,Black,The School for Creative Studies,DPS,,,Water,No,Dropped,4,5,4,4,4,4,2,4,5,5,5,5,4,5,4,4,3,4,,,,,,,,,,,,4,4.5,3.333333333,4.5,,,,,,,,,,,,,,,,,,,,,,,,,,,,,,,,,,,,,,,,,,,,,,,,,,,,,,,,,,,,,,,,,,,,,,,,,,,,,,,,,,,,,,,,,,,,,,,,,,,,,,,,,,,,,,,,,,,,,,,,,,,,,,,,,,,,,
45,Learner,2021-2022,Female,8,White,Ravenscroft,Private,,,Health,No,100,5,5,5,4,5,5,5,5,5,5,5,4,4,5,5,4,4,4,,,,,,,,,,,,4.4,4.75,4.666666667,4.25,5,5,5,4,5,5,4,5,5,4,5,5,4,5,4,5,4,5,,,,,,,,,,,,,,,,,,,,,,,,,,,,,,,,,,,,,,,,,,,,,,,,,,,,,,,,,,,,,,,,,,,,,,,,,,,,,,,,,,,,,,,,,,,,,,,,,,,,,,,,,,,,,,,,,,,
47,Learner,2021-2022,Male,5,Black,Homeschool,Homeschool,,,Health,No,Dropped,,,,,,,,,,,,,,,,,,,,,,,,,,,,,,,,,,,,,,,,,,,,,,,,,,,,,,,,,,,,,,,,,,,,,,,,,,,,,,,,,,,,,,,,,,,,,,,,,,,,,,,,,,,,,,,,,,,,,,,,,,,,,,,,,,,,,,,,,,,,,,,,,,,,,,,,,,,,,,,,,,,,,,
48,Learner,2021-2022,Female,8,Asian,Davis Drive MS,Public,,,Water,No,100,4,4,4,3,3,3,3,2,3,3,4,4,3,3,2,3,4,4,,,,,,,,,,,,3.4,3.25,3,3.5,4,4,4,3,4,4,3,4,4,4,4,4,4,3,5,3,5,4,,,,,,,,,,,,,,,,,,,,,,,,,,,,,,,,,,,,,,,,,,,,,,,,,,,,,,,,,,,,,,,,,,,,,,,,,,,,,,,,,,,,,,,,,,,,,,,,,,,,,,,,,,,,,,,,,,,
49,Learner,2021-2022,Female,7,"Hispanic, Latino or Spanish orign",Durham School of the Arts,Magnet,,,Light,No,85.71428571,,,,,,,,,,,,,,,,,,,,,,,,,,,,,,,,,,4,4,4,3,4,4,5,4,4,5,4,5,4,4,4,5,4,4,,,,,,,,,,,,,,,,,,,,,,,,,,,,,,,,,,,,,,,,,,,,,,,,,,,,,,,,,,,,,,,,,,,,,,,,,,,,,,,,,,,,,,,,,,,,,,,,,,,,,,,,,,,,,,,,,,,
50,Learner,2021-2022,Female,8,Asian,Davis Drive MS,Public,,,Water,No,100,5,2,3,1,4,5,4,5,5,4,5,5,5,4,5,5,5,2,,,,,,,,,,,,5,4,3.666666667,5,2,1,1,2,4,5,3,4,4,3,5,3,3,2,4,1,4,2,,,,,,,,,,,,,,,,,,,,,,,,,,,,,,,,,,,,,,,,,,,,,,,,,,,,,,,,,,,,,,,,,,,,,,,,,,,,,,,,,,,,,,,,,,,,,,,,,,,,,,,,,,,,,,,,,,,
51,Learner,2021-2022,Male,8,"Asian,White",Voyager Academy,Charter,,,Light,No,100,5,4,3,4,4,4,4,4,4,5,5,5,4,4,4,4,5,4,,,,,,,,,,,,4.6,4.166666667,4,4.5,4,4,4,3,4,3,3,5,4,4,4,4,4,4,4,4,4,5,,,,,,,,,,,,,,,,,,,,,,,,,,,,,,,,,,,,,,,,,,,,,,,,,,,,,,,,,,,,,,,,,,,,,,,,,,,,,,,,,,,,,,,,,,,,,,,,,,,,,,,,,,,,,,,,,,,
52,Learner,2021-2022,Female,8,Asian,Cary Academy,Private,,,Health,No,Dropped,5,5,4,3,5,5,5,2,4,5,5,5,4,5,4,4,4,4,,,,,,,,,,,,4.4,4.333333333,3.666666667,4.5,,,,,,,,,,,,,,,,,,,,,,,,,,,,,,,,,,,,,,,,,,,,,,,,,,,,,,,,,,,,,,,,,,,,,,,,,,,,,,,,,,,,,,,,,,,,,,,,,,,,,,,,,,,,,,,,,,,,,,,,,,,,,,,,,,,,,
53,Learner,2021-2022,Male,8,Asian,Salem middle school,Public,,,Water,No,Dropped,,,,,,,,,,,,,,,,,,,,,,,,,,,,,,,,,,,,,,,,,,,,,,,,,,,,,,,,,,,,,,,,,,,,,,,,,,,,,,,,,,,,,,,,,,,,,,,,,,,,,,,,,,,,,,,,,,,,,,,,,,,,,,,,,,,,,,,,,,,,,,,,,,,,,,,,,,,,,,,,,,,,,,
54,Learner,2021-2022,they/them/theirs,7,White,Ignite Online Academy,DPS,,,Light,No,Dropped,4,3,4,2,4,4,3,4,5,4,4,5,3,4,4,4,3,4,,,,,,,,,,,,3.8,3.833333333,3.666666667,4,4,4,3,3,4,4,4,4,4,4,4,4,4,4,4,4,3,3,,,,,,,,,,,,,,,,,,,,,,,,,,,,,,,,,,,,,,,,,,,,,,,,,,,,,,,,,,,,,,,,,,,,,,,,,,,,,,,,,,,,,,,,,,,,,,,,,,,,,,,,,,,,,,,,,,,
55,Learner,2021-2022,Female,6,"Black,White",Excelsior Classical Academy,Charter,,,Health,No,Dropped,,,,,,,,,,,,,,,,,,,,,,,,,,,,,,,,,,,,,,,,,,,,,,,,,,,,,,,,,,,,,,,,,,,,,,,,,,,,,,,,,,,,,,,,,,,,,,,,,,,,,,,,,,,,,,,,,,,,,,,,,,,,,,,,,,,,,,,,,,,,,,,,,,,,,,,,,,,,,,,,,,,,,,
56,Learner,2021-2022,Male,6,"Black,White",Ignite! Online academy,DPS,,,Water,No,100,4,5,5,3,3,4,3,5,4,4,3,4,4,3,4,4,3,4,,,,,,,,,,,,3.8,3.916666667,4,3.75,3,5,3,4,3,3,4,4,4,4,4,4,4,2,4,4,4,4,,,,,,,,,,,,,,,,,,,,,,,,,,,,,,,,,,,,,,,,,,,,,,,,,,,,,,,,,,,,,,,,,,,,,,,,,,,,,,,,,,,,,,,,,,,,,,,,,,,,,,,,,,,,,,,,,,,
57,Learner,2021-2022,Male,6,White,Ignite! Online Acadey,DPS,,,Water,No,Dropped,4,4,2,2,3,2,2,4,4,4,4,3,3,3,4,3,4,5,,,,,,,,,,,,3.6,3.166666667,3.666666667,3.25,4,4,3,4,4,4,4,4,4,4,4,4,4,4,4,4,4,4,,,,,,,,,,,,,,,,,,,,,,,,,,,,,,,,,,,,,,,,,,,,,,,,,,,,,,,,,,,,,,,,,,,,,,,,,,,,,,,,,,,,,,,,,,,,,,,,,,,,,,,,,,,,,,,,,,,
58,Learner,2021-2022,Male,6,White,Ignite! Online Acadey,DPS,,,Light,No,100,4,5,3,3,4,3,3,4,5,4,4,4,4,3,4,4,4,3,,,,,,,,,,,,4,3.833333333,3.333333333,4,3,5,4,4,4,4,4,5,5,4,4,4,4,5,5,4,4,4,,,,,,,,,,,,,,,,,,,,,,,,,,,,,,,,,,,,,,,,,,,,,,,,,,,,,,,,,,,,,,,,,,,,,,,,,,,,,,,,,,,,,,,,,,,,,,,,,,,,,,,,,,,,,,,,,,,
59,Learner,2021-2022,Male,8,Black,The School for Creative Studies,DPS,,,Health,No,Dropped,4,4,3,4,4,4,4,2,4,5,5,5,4,5,3,3,4,4,,,,,,,,,,,,4,4.083333333,3.333333333,4.25,,,,,,,,,,,,,,,,,,,,,,,,,,,,,,,,,,,,,,,,,,,,,,,,,,,,,,,,,,,,,,,,,,,,,,,,,,,,,,,,,,,,,,,,,,,,,,,,,,,,,,,,,,,,,,,,,,,,,,,,,,,,,,,,,,,,,
60,Learner,2021-2022,Male,6,"Black,Hispanic, Latino or Spanish orign,Asian,American Indian and Alaska Native,Native Hawaiian or other Pacific Islander,White",Voyager Academy,Charter,,,Health,No,100,,,,,,,,,,,,,,,,,,,,,,,,,,,,,,,,,,4,4,3,3,4,3,3,4,3,3,4,4,4,4,4,4,4,4,,,,,,,,,,,,,,,,,,,,,,,,,,,,,,,,,,,,,,,,,,,,,,,,,,,,,,,,,,,,,,,,,,,,,,,,,,,,,,,,,,,,,,,,,,,,,,,,,,,,,,,,,,,,,,,,,,,
61,Learner,2021-2022,Male,8,"Black,Hispanic, Latino or Spanish orign,Asian,American Indian and Alaska Native,Native Hawaiian or other Pacific Islander,White",Voyager Academy,Charter,,,Light,No,100,,,,,,,,,,,,,,,,,,,,,,,,,,,,,,,,,,4,4,2,2,3,2,3,4,3,4,4,4,3,2,4,4,3,4,,,,,,,,,,,,,,,,,,,,,,,,,,,,,,,,,,,,,,,,,,,,,,,,,,,,,,,,,,,,,,,,,,,,,,,,,,,,,,,,,,,,,,,,,,,,,,,,,,,,,,,,,,,,,,,,,,,
62,Learner,2021-2022,Male,7,Black,Kestrel Heights,DPS,,,Light,No,Dropped,,,,,,,,,,,,,,,,,,,,,,,,,,,,,,,,,,,,,,,,,,,,,,,,,,,,,,,,,,,,,,,,,,,,,,,,,,,,,,,,,,,,,,,,,,,,,,,,,,,,,,,,,,,,,,,,,,,,,,,,,,,,,,,,,,,,,,,,,,,,,,,,,,,,,,,,,,,,,,,,,,,,,,
63,Learner,2021-2022,Male,6,Black,Smith Middle School,Public,,,Light,No,Dropped,,,,,,,,,,,,,,,,,,,,,,,,,,,,,,,,,,,,,,,,,,,,,,,,,,,,,,,,,,,,,,,,,,,,,,,,,,,,,,,,,,,,,,,,,,,,,,,,,,,,,,,,,,,,,,,,,,,,,,,,,,,,,,,,,,,,,,,,,,,,,,,,,,,,,,,,,,,,,,,,,,,,,,
64,Learner,2021-2022,Male,8,Black,Ignite! Online Acadey,DPS,,,Light,No,85.71428571,4,3,4,3,5,4,4,4,3,5,5,4,4,4,4,3,4,4,,,,,,,,,,,,4,4,4,4,4,3,2,4,5,4,4,5,4,5,5,5,4,3,4,5,4,4,,,,,,,,,,,,,,,,,,,,,,,,,,,,,,,,,,,,,,,,,,,,,,,,,,,,,,,,,,,,,,,,,,,,,,,,,,,,,,,,,,,,,,,,,,,,,,,,,,,,,,,,,,,,,,,,,,,
65,Learner,2021-2022,Male,6,Black,Durham School of the Arts,Magnet,,,Water,No,100,4,5,5,2,3,3,2,4,5,4,5,4,4,5,4,4,4,5,,,,,,,,,,,,4,4.083333333,3.666666667,4.25,5,5,4,3,4,3,2,5,4,4,5,5,5,5,5,5,5,5,,,,,,,,,,,,,,,,,,,,,,,,,,,,,,,,,,,,,,,,,,,,,,,,,,,,,,,,,,,,,,,,,,,,,,,,,,,,,,,,,,,,,,,,,,,,,,,,,,,,,,,,,,,,,,,,,,,
66,Learner,2021-2022,Female,7,Asian,Salem Middle School,Public,,,Health,No,85.71428571,4,5,4,3,4,3,3,4,4,4,3,4,4,4,4,4,4,4,,,,,,,,,,,,4,3.833333333,3.666666667,3.75,4,4,4,4,4,4,4,4,4,4,4,4,4,4,4,4,4,4,,,,,,,,,,,,,,,,,,,,,,,,,,,,,,,,,,,,,,,,,,,,,,,,,,,,,,,,,,,,,,,,,,,,,,,,,,,,,,,,,,,,,,,,,,,,,,,,,,,,,,,,,,,,,,,,,,,
67,Learner,2021-2022,Male,7,White,Carrington Middle School,DPS,,,Water,No,Dropped,5,4,2,3,5,4,5,5,5,5,,5,5,5,5,5,5,5,,,,,,,,,,,,5,4.363636364,5,5,,,,,,,,,,,,,,,,,,,,,,,,,,,,,,,,,,,,,,,,,,,,,,,,,,,,,,,,,,,,,,,,,,,,,,,,,,,,,,,,,,,,,,,,,,,,,,,,,,,,,,,,,,,,,,,,,,,,,,,,,,,,,,,,,,,,,
68,Learner,2021-2022,Male,6,Black,Washington Academy,Magnet,,,Water,No,Dropped,,,,,,,,,,,,,,,,,,,,,,,,,,,,,,,,,,,,,,,,,,,,,,,,,,,,,,,,,,,,,,,,,,,,,,,,,,,,,,,,,,,,,,,,,,,,,,,,,,,,,,,,,,,,,,,,,,,,,,,,,,,,,,,,,,,,,,,,,,,,,,,,,,,,,,,,,,,,,,,,,,,,,,
69,Learner,2021-2022,Female,6,White,Noble Middle School,Public,,,Health,1,85.71428571,5,4,4,4,5,5,5,3,4,5,5,5,4,5,5,3,4,5,,,,,,,,,,,,4.6,4.416666667,4.333333333,4.25,5,4,4,3,5,5,5,4,4,5,5,5,4,5,5,4,4,5,,,,,,,,,,,,,,,,,,,,,,,,,,,,,,,,,,,,,,,,,,,,,,,,,,,,,,,,,,,,,,,,,,,,,,,,,,,,,,,,,,,,,,,,,,,,,,,,,,,,,,,,,,,,,,,,,,,
70,Learner,2021-2022,Female,6,White,Homeschool,Homeschool,,,Water,No,100,5,4,1,2,4,4,5,4,4,4,4,4,4,4,3,3,4,4,,,,,,,,,,,,4,3.583333333,4.333333333,3.75,5,4,2,4,4,3,5,4,4,5,5,5,4,4,4,4,4,5,,,,,,,,,,,,,,,,,,,,,,,,,,,,,,,,,,,,,,,,,,,,,,,,,,,,,,,,,,,,,,,,,,,,,,,,,,,,,,,,,,,,,,,,,,,,,,,,,,,,,,,,,,,,,,,,,,,
71,Learner,2021-2022,Male,7,Black,Homeschool,Homeschool,,,Water,No,100,,,,,,,,,,,,,,,,,,,,,,,,,,,,,,,,,,4,4,3,3,4,3,3,4,3,3,4,4,4,4,4,4,4,4,,,,,,,,,,,,,,,,,,,,,,,,,,,,,,,,,,,,,,,,,,,,,,,,,,,,,,,,,,,,,,,,,,,,,,,,,,,,,,,,,,,,,,,,,,,,,,,,,,,,,,,,,,,,,,,,,,,
72,Learner,2021-2022,Female,6,White,Ignite! Online Academy,DPS,,,Water,No,100,,,,,,,,,,,,,,,,,,,,,,,,,,,,,,,,,,4,4,2,3,1,1,1,4,3,4,5,4,4,3,5,4,5,5,,,,,,,,,,,,,,,,,,,,,,,,,,,,,,,,,,,,,,,,,,,,,,,,,,,,,,,,,,,,,,,,,,,,,,,,,,,,,,,,,,,,,,,,,,,,,,,,,,,,,,,,,,,,,,,,,,,
73,Learner,2021-2022,Male,6,Black,Excelsior Classical Academy,Charter,,,Health,No,Dropped,4,4,3,4,4,4,5,2,4,5,5,5,4,5,3,3,4,4,,,,,,,,,,,,4,4.083333333,3.666666667,4.25,,,,,,,,,,,,,,,,,,,,,,,,,,,,,,,,,,,,,,,,,,,,,,,,,,,,,,,,,,,,,,,,,,,,,,,,,,,,,,,,,,,,,,,,,,,,,,,,,,,,,,,,,,,,,,,,,,,,,,,,,,,,,,,,,,,,,
74,Learner,2021-2022,Male,8,Black,Ignite! Online Academy,DPS,,,Light,No,Dropped,4,4,4,3,5,5,4,5,5,5,5,5,4,4,5,4,5,4,,,,,,,,,,,,4.6,4.5,4.333333333,4.5,,,,,,,,,,,,,,,,,,,,,,,,,,,,,,,,,,,,,,,,,,,,,,,,,,,,,,,,,,,,,,,,,,,,,,,,,,,,,,,,,,,,,,,,,,,,,,,,,,,,,,,,,,,,,,,,,,,,,,,,,,,,,,,,,,,,,
75,Learner,2021-2022,Female,8,White,Gateway Virual Academy,Private,,,Water,No,Dropped,5,3,4,3,5,4,4,1,1,5,3,5,5,5,5,4,5,5,,,,,,,,,,,,5,3.666666667,3.333333333,4.25,,,,,,,,,,,,,,,,,,,,,,,,,,,,,,,,,,,,,,,,,,,,,,,,,,,,,,,,,,,,,,,,,,,,,,,,,,,,,,,,,,,,,,,,,,,,,,,,,,,,,,,,,,,,,,,,,,,,,,,,,,,,,,,,,,,,,
76,Learner,2021-2022,Male,7,"Black,Hispanic, Latino or Spanish orign",Ignite! Online Academy,DPS,,,Light,No,100,3,5,5,4,5,5,5,2,5,4,2,4,5,5,3,2,4,4,,,,,,,,,,,,3.8,4.25,3.666666667,3.25,4,5,5,4,5,5,5,2,5,5,5,4,5,5,4,5,5,4,,,,,,,,,,,,,,,,,,,,,,,,,,,,,,,,,,,,,,,,,,,,,,,,,,,,,,,,,,,,,,,,,,,,,,,,,,,,,,,,,,,,,,,,,,,,,,,,,,,,,,,,,,,,,,,,,,,
77,Learner,2021-2022,Female,8,Asian,Mills Park Middle School,Public,,,Health,No,100,4,4,2,2,4,5,5,3,3,5,5,5,5,5,3,4,5,4,,,,,,,,,,,,4.4,4,4,4.75,5,5,2,2,4,5,5,4,2,5,5,5,5,5,3,5,5,5,,,,,,,,,,,,,,,,,,,,,,,,,,,,,,,,,,,,,,,,,,,,,,,,,,,,,,,,,,,,,,,,,,,,,,,,,,,,,,,,,,,,,,,,,,,,,,,,,,,,,,,,,,,,,,,,,,,
78,Learner,2021-2022,Male,7,White,Ignite! Online Academy,DPS,,,Water,No,Dropped,,,,,,,,,,,,,,,,,,,,,,,,,,,,,,,,,,,,,,,,,,,,,,,,,,,,,,,,,,,,,,,,,,,,,,,,,,,,,,,,,,,,,,,,,,,,,,,,,,,,,,,,,,,,,,,,,,,,,,,,,,,,,,,,,,,,,,,,,,,,,,,,,,,,,,,,,,,,,,,,,,,,,,
79,Learner,2021-2022,Male,6,White,The Expedition School,Charter,,,Light,No,Dropped,,,,,,,,,,,,,,,,,,,,,,,,,,,,,,,,,,,,,,,,,,,,,,,,,,,,,,,,,,,,,,,,,,,,,,,,,,,,,,,,,,,,,,,,,,,,,,,,,,,,,,,,,,,,,,,,,,,,,,,,,,,,,,,,,,,,,,,,,,,,,,,,,,,,,,,,,,,,,,,,,,,,,,
80,Learner,2021-2022,Female,8,Asian,Durham Academy,Private,,,Health,No,Dropped,5,1,2,1,4,4,5,3,4,5,5,3,4,4,4,4,4,4,,,,,,,,,,,,4,3.333333333,4,4,,,,,,,,,,,,,,,,,,,,,,,,,,,,,,,,,,,,,,,,,,,,,,,,,,,,,,,,,,,,,,,,,,,,,,,,,,,,,,,,,,,,,,,,,,,,,,,,,,,,,,,,,,,,,,,,,,,,,,,,,,,,,,,,,,,,,
81,Learner,2021-2022,Male,8,White,Leesville Road Middle School,Public,,,Light,No,Dropped,4,5,3,2,3,4,2,5,4,4,5,4,5,4,5,3,5,4,,,,,,,,,,,,4.6,4,3.666666667,4.25,,,,,,,,,,,,,,,,,,,,,,,,,,,,,,,,,,,,,,,,,,,,,,,,,,,,,,,,,,,,,,,,,,,,,,,,,,,,,,,,,,,,,,,,,,,,,,,,,,,,,,,,,,,,,,,,,,,,,,,,,,,,,,,,,,,,,
82,Learner,2021-2022,Female,7,Asian,Mills Park Middle,Public,,,Light,No,71.42857143,3,4,3,2,4,4,3,2,4,4,3,4,4,3,2,2,3,2,,,,,,,,,,,,3.2,3.416666667,2.333333333,3.25,3,4,3,3,4,3,3,3,4,4,3,4,4,3,3,3,4,4,,,,,,,,,,,,,,,,,,,,,,,,,,,,,,,,,,,,,,,,,,,,,,,,,,,,,,,,,,,,,,,,,,,,,,,,,,,,,,,,,,,,,,,,,,,,,,,,,,,,,,,,,,,,,,,,,,,
83,Learner,2021-2022,Female,7,White,Ignite! Online Academy,DPS,,,Health,No,Dropped,4,4,3,2,4,4,3,4,4,4,4,4,4,4,3,4,4,4,,,,,,,,,,,,3.8,3.75,3.666666667,4,,,,,,,,,,,,,,,,,,,,,,,,,,,,,,,,,,,,,,,,,,,,,,,,,,,,,,,,,,,,,,,,,,,,,,,,,,,,,,,,,,,,,,,,,,,,,,,,,,,,,,,,,,,,,,,,,,,,,,,,,,,,,,,,,,,,,
84,Learner,2021-2022,Male,8,Black,Ignite! Online Academy,DPS,,,Light,No,Dropped,,,,,,,,,,,,,,,,,,,,,,,,,,,,,,,,,,,,,,,,,,,,,,,,,,,,,,,,,,,,,,,,,,,,,,,,,,,,,,,,,,,,,,,,,,,,,,,,,,,,,,,,,,,,,,,,,,,,,,,,,,,,,,,,,,,,,,,,,,,,,,,,,,,,,,,,,,,,,,,,,,,,,,
85,Learner,2021-2022,Male,6,Black,Ignite! Online Academy,DPS,,,Health,No,100,3,4,4,2,2,3,1,3,3,3,3,4,4,3,3,2,3,3,,,,,,,,,,,,3.4,3.166666667,2.333333333,3.25,4,5,5,3,4,3,2,4,4,5,3,4,3,4,3,4,3,3,,,,,,,,,,,,,,,,,,,,,,,,,,,,,,,,,,,,,,,,,,,,,,,,,,,,,,,,,,,,,,,,,,,,,,,,,,,,,,,,,,,,,,,,,,,,,,,,,,,,,,,,,,,,,,,,,,,
217,Maker,2023-2024,Female,9,Asian,Charter,Charter,"Cary, NC",27519,Good Health,No,,4,4,4,3,4,5,5,4,4,5,5,5,5,5,4,4,5,5,,,,,,,,,,,,4.6,4.416666667,4.666666667,4.75,4,4,4,3,4,5,5,4,4,4,5,4,5,5,4,4,5,4,,,,,,,,,,,,4.4,4.25,4.333333333,4.5,80,80,80,90,90,90,80,90,90,90,90,90,90,90,90,90,90,90,10,0,20,10,10,0,10,20,10,85.55555556,90,10,70,80,80,80,80,80,80,80,80,80,90,90,80,80,80,80,80,80,40,30,30,40,40,40,40,50,40,,,,,,,,,,,,,,,,,,,,,,,,,,,,,,,,,,,,,,,,,78.88888889,82.22222222,38.88888889
201,Maker,2023-2024,Female,10,Asian,Public,Public,"Cary, NC",27513,Good Health,2,,4,4,5,4,4,5,5,4,4,4,4,4,4,4,4,4,4,4,,,,,,,,,,,,4,4.166666667,4.333333333,4,,,,,,,,,,,,,,,,,,,,,,,,,,,,,,,,,,80,70,80,80,80,80,80,70,80,80,80,90,80,80,80,80,80,80,50,60,50,50,60,50,50,70,50,77.77777778,81.11111111,54.44444444,,,,,,,,,,,,,,,,,,,,,,,,,,,,,,,,,,,,,,,,,,,,,,,,,,,,,,,,,,,,,,,,,,,,,,
219,Maker,2023-2024,Female,11,Asian,Charter,Charter,"Cary, NC",27519,Clean Water,No,,5,4,4,4,5,5,5,5,5,5,5,5,5,5,4,5,5,4,,,,,,,,,,,,4.8,4.75,4.666666667,5,5,4,5,4,5,5,5,5,5,5,5,5,5,5,5,4,5,5,,,,,,,,,,,,5,4.833333333,5,4.75,80,80,90,70,70,80,60,90,70,100,90,100,100,90,100,100,90,90,10,30,10,70,80,90,90,100,20,76.66666667,95.55555556,55.55555556,90,90,80,80,90,80,80,80,80,90,90,80,90,80,90,100,70,100,60,30,20,30,50,60,20,70,40,,,,,,,,,,,,,,,,,,,,,,,,,,,,,,,,,,,,,,,,,83.33333333,87.77777778,42.22222222
202,Maker,2023-2024,Female,10,Asian,Public,Public,"Cary, NC",27519,Good Health,2,,5,5,5,4,5,5,5,5,5,5,5,5,5,5,5,5,5,5,,,,,,,,,,,,5,4.916666667,5,5,5,5,5,4,5,5,5,3,3,5,5,5,5,5,5,5,5,5,,,,,,,,,,,,5,4.583333333,4.333333333,5,100,100,100,80,100,80,100,100,100,100,100,100,100,100,100,100,100,100,0,0,0,20,0,20,0,0,0,95.55555556,100,4.444444444,80,100,100,80,100,80,100,100,90,100,100,100,100,100,100,100,100,100,0,0,0,0,0,50,0,0,0,,,,,,,,,,,,,,,,,,,,,,,,,,,,,,,,,,,,,,,,,92.22222222,100,5.555555556
203,Maker,2023-2024,Female,11,Asian,Public,Public,"Frisco, NC",75035,Good Health,2,,5,5,5,4,5,5,5,4,5,5,5,5,5,5,4,5,5,5,,,,,,,,,,,,4.8,4.833333333,4.666666667,5,5,5,5,4,5,5,5,5,5,5,5,5,5,5,5,5,5,5,,,,,,,,,,,,5,4.916666667,5,5,90,100,100,70,80,70,60,90,80,100,100,100,100,100,100,100,100,100,10,0,20,50,20,60,80,10,30,82.22222222,100,31.11111111,70,90,90,70,80,70,50,100,80,100,100,100,90,100,100,100,100,100,20,10,0,40,20,40,70,10,20,,,,,,,,,,,,,,,,,,,,,,,,,,,,,,,,,,,,,,,,,77.77777778,98.88888889,25.55555556
224,Maker,2023-2024,Female,11,Asian,Public,Public,"Cary, NC",27519,Good Health,No,,5,5,5,5,5,5,5,5,5,5,5,5,5,5,5,5,5,5,,,,,,,,,,,,5,5,5,5,5,5,5,5,5,5,5,5,5,5,5,5,5,5,5,5,5,5,,,,,,,,,,,,5,5,5,5,30,100,100,100,100,80,100,100,100,100,100,100,100,100,100,100,100,100,0,0,0,0,0,0,0,0,0,90,100,0,100,100,100,100,100,100,90,100,100,100,100,100,100,100,100,100,100,100,20,10,10,20,0,20,10,0,0,,,,,,,,,,,,,,,,,,,,,,,,,,,,,,,,,,,,,,,,,98.88888889,100,10
222,Maker,2023-2024,Female,9,Asian,Public,Public,"Apex, NC",27523,Clean Water,No,,4,4,4,4,4,4,4,4,5,4,4,4,5,5,4,5,5,5,,,,,,,,,,,,4.4,4.25,4.333333333,4.5,4,4,4,3,4,4,3,4,4,4,4,4,4,4,4,4,4,4,,,,,,,,,,,,4,3.916666667,3.666666667,4,80,80,90,80,80,80,90,80,90,80,90,80,90,90,80,90,90,90,20,30,30,20,20,30,20,20,30,83.33333333,86.66666667,24.44444444,80,70,90,80,90,80,80,80,90,80,80,70,80,80,90,80,80,90,30,40,40,30,30,30,20,30,20,,,,,,,,,,,,,,,,,,,,,,,,,,,,,,,,,,,,,,,,,82.22222222,81.11111111,30
211,Maker,2023-2024,Male,9,Asian,Public,Public,"Cedar Falls, IA",50613,Good Health,No,,5,5,5,5,5,5,5,4,5,5,5,5,5,5,5,5,5,5,,,,,,,,,,,,5,4.916666667,4.666666667,5,5,5,5,5,5,5,4,4,5,5,5,5,5,5,5,5,5,5,,,,,,,,,,,,5,4.916666667,4.333333333,5,90,100,100,100,100,90,100,90,100,100,100,100,100,100,100,100,100,100,10,0,0,0,0,0,0,20,0,96.66666667,100,3.333333333,100,100,100,100,90,100,100,100,100,100,100,100,100,100,100,100,100,100,20,0,10,0,20,10,0,10,0,,,,,,,,,,,,,,,,,,,,,,,,,,,,,,,,,,,,,,,,,98.88888889,100,7.777777778
213,Maker,2023-2024,Female,11,White,Public,Public,"Raleigh, NC",27614,Good Health,No,,5,5,5,5,5,5,5,4,5,5,5,5,5,5,3,3,5,4,,,,,,,,,,,,4.6,4.916666667,4.333333333,4.5,5,5,5,5,5,5,5,5,5,5,5,5,5,5,5,5,5,5,,,,,,,,,,,,5,5,5,5,10,60,50,30,30,0,0,50,30,100,100,100,100,100,100,100,100,100,100,50,70,100,90,100,90,70,80,28.88888889,100,83.33333333,90,90,100,90,90,90,100,100,100,100,100,100,100,100,100,100,100,100,10,10,0,10,10,10,10,30,10,,,,,,,,,,,,,,,,,,,,,,,,,,,,,,,,,,,,,,,,,94.44444444,100,11.11111111
207,Maker,2023-2024,Female,11,White,Private,Private,Poland,2620,Clean Energy,2,,4,3,5,4,4,5,5,4,4,5,5,5,5,5,4,4,4,4,,,,,,,,,,,,4.4,4.5,4.333333333,4.75,,,,,,,,,,,,,,,,,,,,,,,,,,,,,,,,,,70,60,90,80,80,80,80,80,90,100,100,100,100,90,90,100,90,100,70,80,70,70,70,80,80,70,70,78.88888889,96.66666667,73.33333333,,,,,,,,,,,,,,,,,,,,,,,,,,,,,,,,,,,,,,,,,,,,,,,,,,,,,,,,,,,,,,,,,,,,,,
221,Maker,2023-2024,Male,12,Asian,Public,Public,"Cary, NC",27519,Clean Energy,No,,4,5,5,5,4,5,4,5,5,5,5,5,5,5,5,4,5,5,,,,,,,,,,,,4.8,4.916666667,4.666666667,4.75,5,5,5,4,4,4,4,5,5,5,5,4,5,5,5,5,5,4,,,,,,,,,,,,4.8,4.666666667,4.333333333,4.75,80,70,90,100,80,90,100,90,80,100,70,100,90,90,100,100,100,90,0,20,0,0,10,10,20,0,30,86.66666667,93.33333333,10,100,80,100,100,100,100,100,100,80,100,70,100,100,100,100,100,100,100,0,20,30,10,20,10,20,20,20,,,,,,,,,,,,,,,,,,,,,,,,,,,,,,,,,,,,,,,,,95.55555556,96.66666667,16.66666667
223,Maker,2023-2024,Female,11,White,Public,Public,"Holly Springs, NC",27540,Clean Energy,No,,5,4,3,4,4,4,5,2,4,5,5,5,5,5,4,4,5,5,,,,,,,,,,,,4.8,4.166666667,4,4.75,5,4,4,3,4,4,5,4,5,5,5,5,5,5,5,5,5,5,,,,,,,,,,,,5,4.416666667,4.666666667,5,50,60,70,70,70,70,70,70,70,80,100,100,100,90,90,90,90,90,30,30,20,30,30,50,50,40,20,66.66666667,92.22222222,33.33333333,80,90,100,90,80,80,80,90,100,100,100,100,90,90,90,90,100,100,30,10,10,20,30,40,20,10,0,,,,,,,,,,,,,,,,,,,,,,,,,,,,,,,,,,,,,,,,,87.77777778,95.55555556,18.88888889
225,Maker,2023-2024,Female,11,Asian,Public,Public,"Mooresville, NC",28117,Clean Water,No,,5,5,5,4,5,5,4,5,5,5,5,5,5,5,4,5,5,5,,,,,,,,,,,,4.8,4.916666667,4.666666667,5,5,5,5,5,5,5,4,5,5,5,5,5,4,5,5,4,5,5,,,,,,,,,,,,4.8,4.916666667,4.666666667,4.5,80,70,80,80,80,70,80,90,80,100,100,100,100,100,100,100,100,100,0,0,0,10,10,0,0,0,10,78.88888889,100,3.333333333,100,100,100,90,80,100,100,100,90,100,100,90,100,90,100,100,100,100,10,0,0,10,10,0,10,0,0,,,,,,,,,,,,,,,,,,,,,,,,,,,,,,,,,,,,,,,,,95.55555556,97.77777778,4.444444444
216,Maker,2023-2024,Female,11,Asian,Magnet,Magnet,"Cary, NC",27519,Good Health,No,,5,5,5,5,5,5,5,1,5,4,5,5,5,5,5,5,5,5,,,,,,,,,,,,5,4.583333333,3.666666667,5,5,5,5,5,5,5,5,4,3,5,5,5,5,5,4,5,5,5,,,,,,,,,,,,4.8,4.75,4.666666667,5,60,100,100,80,100,60,100,100,100,100,100,100,100,100,100,100,100,100,60,0,0,10,0,70,0,0,0,88.88888889,100,15.55555556,60,90,100,90,90,80,80,100,90,80,100,100,100,100,90,90,90,90,30,0,0,20,10,30,10,0,0,,,,,,,,,,,,,,,,,,,,,,,,,,,,,,,,,,,,,,,,,86.66666667,93.33333333,11.11111111
208,Maker,2023-2024,Female,10,Asian,Charter,Charter,"Cary, NC",27519,Good Health,No,,5,4,4,1,4,5,5,2,4,5,5,5,5,5,4,5,5,4,,,,,,,,,,,,4.8,4.083333333,3.666666667,5,5,4,4,2,5,5,5,2,4,5,5,5,5,5,4,5,5,5,,,,,,,,,,,,4.8,4.25,4,5,30,90,90,70,80,50,70,90,90,60,100,100,80,90,,80,100,90,90,20,20,40,30,90,40,10,30,73.33333333,87.5,41.11111111,60,90,90,80,90,70,80,90,80,80,100,90,90,80,90,90,100,90,30,20,20,20,10,70,30,10,10,,,,,,,,,,,,,,,,,,,,,,,,,,,,,,,,,,,,,,,,,81.11111111,90,24.44444444
215,Maker,2023-2024,Male,12,Asian,Public,Public,"Cary, NC",27519,Good Health,No,,5,4,3,4,5,5,5,5,5,5,5,5,5,5,4,5,5,5,,,,,,,,,,,,4.8,4.666666667,5,5,5,5,,4,,5,5,5,5,5,5,5,5,5,5,5,5,5,,,,,,,,,,,,5,4.9,5,5,80,60,90,80,60,100,80,100,90,100,80,90,90,90,100,100,100,100,20,20,40,30,50,0,0,0,0,82.22222222,94.44444444,17.77777778,90,60,70,100,80,100,90,80,100,80,90,80,90,80,100,90,90,100,30,20,40,30,10,50,30,40,20,,,,,,,,,,,,,,,,,,,,,,,,,,,,,,,,,,,,,,,,,85.55555556,88.88888889,30
212,Maker,2023-2024,Female,12,Asian,Magnet,Magnet,"Cary, NC",27519,Good Health,No,,4,3,3,2,4,4,4,4,4,4,4,4,4,4,4,4,4,4,,,,,,,,,,,,4,3.666666667,4,4,5,5,5,5,5,5,5,5,5,5,5,5,5,5,5,5,5,5,,,,,,,,,,,,5,5,5,5,90,90,90,90,90,90,90,90,90,80,100,80,90,100,100,100,100,70,60,60,60,60,60,60,60,60,60,90,91.11111111,60,90,100,100,90,90,100,100,100,100,100,100,100,100,100,100,100,100,100,10,10,10,10,10,10,10,10,10,,,,,,,,,,,,,,,,,,,,,,,,,,,,,,,,,,,,,,,,,96.66666667,100,10
220,Maker,2023-2024,Male,12,Black,Charter,Charter,"Durham, NC",27703,Clean Energy,No,,4,5,4,5,4,4,4,3,5,5,5,5,4,5,2,4,4,4,,,,,,,,,,,,3.8,4.5,3.666666667,4.5,,,,,,,,,,,,,,,,,,,,,,,,,,,,,,,,,,60,90,70,80,90,50,90,90,70,100,90,,100,90,70,80,80,100,30,70,0,30,60,80,90,90,50,76.66666667,88.75,55.55555556,,,,,,,,,,,,,,,,,,,,,,,,,,,,,,,,,,,,,,,,,,,,,,,,,,,,,,,,,,,,,,,,,,,,,,
214,Maker,2023-2024,Male,9,Asian,Public,Public,"Cary, NC",27519,Good Health,No,,4,5,5,5,5,5,5,5,5,5,5,5,5,5,5,5,5,5,,,,,,,,,,,,4.8,5,5,5,5,5,5,5,5,5,5,5,5,5,5,5,5,5,5,5,5,5,,,,,,,,,,,,5,5,5,5,100,90,90,90,90,90,90,90,90,100,100,90,100,90,90,90,100,90,90,90,100,90,100,90,70,80,100,91.11111111,94.44444444,90,90,90,90,90,90,100,90,100,90,100,100,100,100,100,100,100,100,90,0,0,10,10,10,10,10,10,10,,,,,,,,,,,,,,,,,,,,,,,,,,,,,,,,,,,,,,,,,92.22222222,98.88888889,7.777777778
218,Maker,2023-2024,Female,10,Asian,Public,Public,"Morrisville, NC",27560,Good Health,No,,4,4,5,5,4,5,5,4,5,5,5,5,5,5,5,4,5,4,,,,,,,,,,,,4.8,4.75,4.333333333,4.75,5,4,5,4,5,5,5,4,5,5,5,5,5,5,4,5,5,5,,,,,,,,,,,,4.8,4.75,4.666666667,5,80,90,100,100,90,80,90,80,90,80,90,70,80,60,90,70,80,70,10,10,0,10,30,20,30,20,10,88.88888889,76.66666667,15.55555556,80,90,100,100,100,90,90,90,90,90,90,100,100,90,100,100,90,90,10,0,10,20,20,10,20,10,10,,,,,,,,,,,,,,,,,,,,,,,,,,,,,,,,,,,,,,,,,92.22222222,94.44444444,12.22222222
201,Maker,2022-2023,Female,9,Asian,Public,Public,"Cary, NC",27513,Clean Energy,1,,5,4,5,3,4,5,3,4,5,4,4,5,5,5,4,5,5,4,,,,,,,,,,,,4.8,4.416666667,3.666666667,4.75,4,4,4,4,4,4,5,4,4,4,4,4,4,4,4,4,3,4,,,,,,,,,,,,3.8,4,4.333333333,4,80,70,70,80,70,80,80,60,70,100,90,90,90,90,90,90,90,90,30,60,40,40,20,30,10,50,40,73.33333333,91.11111111,35.55555556,70,60,60,50,70,60,70,60,70,50,50,50,50,70,60,70,30,70,,,,,,,,,,,,,,,,,,,,,,,,,,,,,,,,,,,,,,,,,,,,,,,,,,63.33333333,55.55555556,
202,Maker,2022-2023,Female,9,Asian,Public,Public,"Cary, NC",27519,Clean Water,1,,5,5,5,3,5,5,5,5,5,5,5,5,5,5,5,5,5,5,,,,,,,,,,,,5,4.833333333,5,5,5,5,5,3,5,5,5,4,4,5,5,5,5,5,4,5,5,5,,,,,,,,,,,,4.8,4.666666667,4.666666667,5,100,100,100,70,90,70,90,90,90,100,100,100,100,100,100,100,100,100,0,0,0,20,20,30,30,30,30,88.88888889,100,17.77777778,80,100,80,60,60,60,100,100,100,100,100,100,100,100,100,100,100,100,30,0,0,50,50,50,0,50,0,,,,,,,,,,,,,,,,,,,,,,,,,,,,,,,,,,,,,,,,,82.22222222,100,25.55555556
203,Maker,2022-2023,Female,10,Asian,Public,Public,Frisco (Located in Texas but in Central Standard Time and will be able to attend all meetings and participate),75035,Good Health,1,,5,5,5,5,5,5,5,4,5,5,5,5,5,5,5,5,5,5,,,,,,,,,,,,5,4.916666667,4.666666667,5,5,5,4,4,5,5,5,5,5,4,5,5,5,5,5,5,5,5,,,,,,,,,,,,5,4.75,5,5,50,80,90,70,,50,60,80,70,100,100,100,100,100,100,100,100,100,30,20,0,20,10,60,50,10,10,68.75,100,23.33333333,70,90,90,80,90,70,60,70,80,,,,,,,,,,10,20,10,20,30,40,70,0,30,,,,,,,,,,,,,,,,,,,,,,,,,,,,,,,,,,,,,,,,,77.77777778,,25.55555556
196,Maker,2022-2023,Female,12,Asian,Private,Private,"Durham, NC",27514,Good Health,No,,5,4,5,4,4,5,5,3,5,4,5,5,5,5,4,3,5,5,,,,,,,,,,,,4.8,4.5,4.333333333,4.5,4,4,5,4,4,5,5,3,4,4,4,5,5,5,4,3,5,5,,,,,,,,,,,,4.6,4.333333333,4.333333333,4.25,70,90,90,80,70,80,80,90,80,100,100,100,100,100,100,100,100,100,30,60,20,40,80,50,30,30,20,81.11111111,100,40,60,80,80,70,50,60,50,70,70,70,90,90,90,90,80,90,90,90,50,30,10,40,100,70,70,30,30,,,,,,,,,,,,,,,,,,,,,,,,,,,,,,,,,,,,,,,,,65.55555556,86.66666667,47.77777778
200,Maker,2022-2023,Female,12,Asian,Charter,Charter,"Cary, NC",27513,Good Health,No,,5,5,4,4,5,5,4,4,4,5,5,5,5,5,5,5,5,5,,,,,,,,,,,,5,4.666666667,4.333333333,5,4,4,4,3,5,5,4,,4,4,4,4,4,4,4,4,4,4,,,,,,,,,,,,4,4.090909091,4,4,80,90,100,90,90,80,90,90,100,90,100,90,90,90,90,90,100,100,10,0,0,0,10,0,10,0,0,90,93.33333333,3.333333333,70,90,90,90,80,80,80,90,90,80,80,80,90,90,90,90,90,90,20,10,20,20,20,30,20,20,20,,,,,,,,,,,,,,,,,,,,,,,,,,,,,,,,,,,,,,,,,84.44444444,86.66666667,20
198,Maker,2022-2023,Female,11,Other,Private,Private,"Raleigh-Durham, NC",27617,Good Health,No,,5,5,4,2,5,4,5,4,4,5,5,5,5,5,5,5,5,5,,,,,,,,,,,,5,4.416666667,4.666666667,5,5,5,5,4,5,5,5,5,5,5,5,5,5,5,5,5,5,5,,,,,,,,,,,,5,4.916666667,5,5,90,90,100,90,100,90,100,100,90,100,100,100,100,100,100,100,100,100,10,0,0,10,0,10,0,10,10,94.44444444,100,5.555555556,90,100,90,100,100,80,90,100,90,100,100,90,90,100,90,100,100,100,50,0,0,50,10,70,60,50,10,,,,,,,,,,,,,,,,,,,,,,,,,,,,,,,,,,,,,,,,,93.33333333,96.66666667,33.33333333
204,Maker,2022-2023,Male,11,Hispanic,Magnet,Magnet,"Raleigh, NC",27610,Clean Energy,No,,5,4,5,5,4,5,5,2,5,5,4,3,4,4,2,4,5,2,,,,,,,,,,,,3.8,4.166666667,3,3.75,4,4,5,3,4,5,5,4,5,5,5,5,5,5,4,4,4,4,,,,,,,,,,,,4.4,4.583333333,4.333333333,4.75,40,60,20,20,50,0,40,50,20,100,100,100,70,80,100,90,,100,50,30,40,50,0,50,0,30,0,33.33333333,92.5,27.77777778,40,50,50,50,50,40,30,70,60,80,70,90,50,60,100,100,100,100,40,30,0,70,70,40,20,10,0,,,,,,,,,,,,,,,,,,,,,,,,,,,,,,,,,,,,,,,,,48.88888889,83.33333333,31.11111111
205,Maker,2022-2023,Female,12,Black,Public,DPS,"Durham, NC",27712,Good Health,No,,4,4,5,4,4,5,5,4,5,4,5,5,5,5,4,4,5,5,,,,,,,,,,,,4.6,4.583333333,4.666666667,4.75,5,5,5,5,5,5,5,5,5,5,5,5,5,5,5,5,5,5,,,,,,,,,,,,5,5,5,5,90,80,90,90,80,90,90,90,90,100,100,100,100,100,100,100,100,100,10,0,10,10,20,10,10,10,10,87.77777778,100,10,100,100,100,100,100,100,100,90,100,100,100,100,100,100,100,100,100,100,0,0,0,20,20,0,0,30,0,,,,,,,,,,,,,,,,,,,,,,,,,,,,,,,,,,,,,,,,,98.88888889,100,7.777777778
206,Maker,2022-2023,Male,11,Asian,Public,Public,"Tomball, TX",77377,Good Health,No,,5,5,4,5,4,5,5,4,5,5,5,5,5,5,4,5,5,5,,,,,,,,,,,,4.8,4.75,4.666666667,5,5,5,5,5,4,3,5,5,5,5,5,5,5,5,5,5,5,5,,,,,,,,,,,,5,4.75,5,5,100,70,100,90,90,80,100,100,90,100,100,100,100,100,90,100,100,90,10,30,0,0,0,30,10,0,10,91.11111111,97.77777778,10,90,90,100,80,80,100,100,100,70,100,100,100,100,70,80,60,80,60,50,60,50,30,30,30,60,60,100,,,,,,,,,,,,,,,,,,,,,,,,,,,,,,,,,,,,,,,,,90,83.33333333,52.22222222
207,Maker,2022-2023,Female,10,White,Private,Private,"Warsaw, Poland",2620,Good Health,1,,5,4,5,5,4,5,5,4,5,5,5,5,5,5,5,5,5,5,,,,,,,,,,,,5,4.75,4.666666667,5,4,4,5,5,5,5,5,4,5,5,5,5,5,5,5,5,5,5,,,,,,,,,,,,4.8,4.833333333,4.666666667,5,40,60,60,60,80,70,80,70,70,40,40,50,50,50,60,70,70,70,60,60,40,20,,20,50,20,70,65.55555556,55.55555556,42.5,60,70,80,80,80,70,70,70,80,100,100,100,100,100,100,100,100,100,90,90,90,90,90,90,90,90,90,,,,,,,,,,,,,,,,,,,,,,,,,,,,,,,,,,,,,,,,,73.33333333,100,90
208,Maker,2022-2023,Female,9,Asian,Charter,Charter,"Cary, NC",27519,Good Health,No,,5,4,4,1,4,5,5,2,4,5,5,5,5,5,3,4,5,5,,,,,,,,,,,,4.6,4.083333333,4,4.75,5,4,4,2,5,5,5,2,4,5,4,5,5,5,4,5,5,5,,,,,,,,,,,,4.8,4.166666667,4,4.75,40,90,90,50,80,40,50,60,40,70,100,100,80,90,70,80,90,80,80,10,10,50,20,90,40,30,60,60,84.44444444,43.33333333,60,90,90,70,90,70,80,90,80,70,100,100,90,100,80,90,100,90,70,10,10,50,10,70,20,10,20,,,,,,,,,,,,,,,,,,,,,,,,,,,,,,,,,,,,,,,,,80,91.11111111,30
209,Maker,2022-2023,Female,12,Asian,Magnet,Magnet,"Apex, NC",27523,Good Health,No,,5,4,4,3,4,5,5,4,5,4,5,5,5,5,4,4,5,4,,,,,,,,,,,,4.8,4.416666667,4.333333333,4.75,5,4,4,3,4,4,4,4,5,4,5,5,5,5,5,4,5,5,,,,,,,,,,,,5,4.333333333,4.333333333,4.75,70,80,80,80,70,70,70,80,70,90,90,100,100,80,80,90,100,90,10,10,0,10,20,10,20,20,10,74.44444444,91.11111111,12.22222222,90,80,90,90,90,80,90,90,90,90,100,90,100,90,80,80,90,100,10,20,10,10,20,20,20,10,10,,,,,,,,,,,,,,,,,,,,,,,,,,,,,,,,,,,,,,,,,87.77777778,91.11111111,14.44444444
210,Maker,2022-2023,Female,12,Black,Public,Public,"Southaven, MS",38672,Clean Energy,No,,4,4,5,4,4,5,4,5,5,5,5,5,5,5,4,4,5,5,,,,,,,,,,,,4.6,4.75,4.666666667,4.75,,,,,,,,,,,,,,,,,,,,,,,,,,,,,,,,,,50,60,80,70,60,80,80,80,90,50,70,60,80,90,90,80,90,90,20,30,20,40,70,60,70,80,50,72.22222222,77.77777778,48.88888889,,,,,,,,,,,,,,,,,,,,,,,,,,,,,,,,,,,,,,,,,,,,,,,,,,,,,,,,,,,,,,,,,,,,,,
1,Trainer,2022-2023,,,,,,,,,,,,,,,,,,,,,,,,,,,,,,,,,,,,,,,,,,,,,,,,,,,,,,,,,,,,,,,,,,,,,,,,,,,,,50,70,80,50,40,50,60,70,50,90,100,90,90,90,90,90,100,90,30,10,10,40,40,30,30,10,30,,,,90,90,100,90,80,80,70,90,90,90,90,90,100,90,100,80,90,90,10,10,10,10,30,20,10,10,10,90,80,90,80,70,70,90,90,90,80,90,90,90,90,90,90,90,100,90,90,80,90,80,100,90,90,90,90,80,80,90,90,90,80,90,90,80,90,90,90,,,
2,Trainer,2022-2023,,,,,,,,,,,,,,,,,,,,,,,,,,,,,,,,,,,,,,,,,,,,,,,,,,,,,,,,,,,,,,,,,,,,,,,,,,,,,90,100,90,80,80,80,100,100,80,100,100,100,100,100,100,100,100,100,20,10,10,30,30,40,30,0,0,,,,90,100,90,100,90,,100,100,90,90,100,90,100,80,90,90,100,90,10,0,10,10,20,10,20,0,20,100,100,100,100,100,100,100,100,100,100,100,100,100,100,100,100,100,100,100,100,100,90,100,100,100,100,100,100,100,100,100,100,100,90,100,100,90,100,90,100,,,
3,Trainer,2022-2023,,,,,,,,,,,,,,,,,,,,,,,,,,,,,,,,,,,,,,,,,,,,,,,,,,,,,,,,,,,,,,,,,,,,,,,,,,,,,80,90,100,90,90,80,80,100,90,90,100,90,100,100,100,100,90,100,10,0,0,0,10,10,10,0,10,,,,80,80,90,90,90,70,80,100,90,100,100,100,100,100,100,100,100,100,20,0,0,30,10,30,30,0,20,100,100,100,100,80,90,90,100,80,70,70,80,80,80,90,80,90,100,90,80,90,100,100,90,80,90,90,100,90,90,100,100,90,80,80,70,70,100,80,90,,,
4,Trainer,2022-2023,,,,,,,,,,,,,,,,,,,,,,,,,,,,,,,,,,,,,,,,,,,,,,,,,,,,,,,,,,,,,,,,,,,,,,,,,,,,,90,90,90,90,90,70,90,80,90,90,90,90,90,90,90,90,90,90,30,10,10,20,20,50,30,20,20,,,,70,90,90,90,90,80,90,100,90,90,90,90,90,90,90,90,90,90,20,10,10,10,10,20,10,10,10,80,90,90,90,80,70,70,80,70,70,90,90,80,80,80,90,90,100,90,90,80,80,100,80,80,80,90,90,80,80,100,100,80,80,100,90,90,100,90,90,,,
5,Trainer,2022-2023,,,,,,,,,,,,,,,,,,,,,,,,,,,,,,,,,,,,,,,,,,,,,,,,,,,,,,,,,,,,,,,,,,,,,,,,,,,,,30,100,100,100,100,100,100,100,100,100,100,100,100,100,100,100,100,100,50,20,40,20,40,60,40,20,40,,,,100,100,100,100,100,100,100,100,100,100,100,100,100,100,100,100,100,100,0,0,0,0,0,0,0,0,0,100,100,100,100,100,100,100,100,100,100,100,100,100,100,100,100,100,100,100,100,100,100,100,100,100,100,100,100,100,100,100,100,100,100,100,100,100,100,100,100,,,
6,Trainer,2022-2023,,,,,,,,,,,,,,,,,,,,,,,,,,,,,,,,,,,,,,,,,,,,,,,,,,,,,,,,,,,,,,,,,,,,,,,,,,,,,30,30,50,40,40,30,60,50,50,80,80,80,90,90,100,100,90,100,60,30,30,70,50,60,60,60,60,,,,60,50,60,60,80,70,80,80,80,80,100,80,70,90,100,90,80,100,60,60,60,80,40,70,50,30,40,60,70,90,70,60,70,70,80,60,60,80,70,50,60,70,50,50,100,40,50,60,70,80,80,80,80,80,70,90,90,70,80,90,80,90,70,70,100,90,80,,,
7,Trainer,2022-2023,,,,,,,,,,,,,,,,,,,,,,,,,,,,,,,,,,,,,,,,,,,,,,,,,,,,,,,,,,,,,,,,,,,,,,,,,,,,,70,90,100,80,70,60,90,90,70,80,100,70,80,90,70,100,100,100,40,0,0,30,30,40,10,20,10,,,,90,90,90,100,80,80,80,90,90,90,100,100,100,90,90,90,90,100,10,0,0,20,10,30,40,10,10,80,90,100,90,80,80,80,90,60,90,100,100,90,90,100,70,40,100,60,80,90,90,100,70,80,70,90,80,70,100,100,100,90,70,90,90,90,100,90,90,,,
8,Trainer,2022-2023,,,,,,,,,,,,,,,,,,,,,,,,,,,,,,,,,,,,,,,,,,,,,,,,,,,,,,,,,,,,,,,,,,,,,,,,,,,,,30,80,80,40,80,,,90,60,80,80,80,80,80,80,80,80,60,70,10,10,20,30,30,40,10,60,,,,60,70,70,70,80,80,90,90,80,60,60,60,70,70,70,60,70,70,60,70,50,60,40,50,40,60,60,80,90,90,80,80,70,80,70,70,80,90,100,90,80,80,70,80,90,90,90,70,80,70,80,80,80,80,80,80,70,70,90,70,70,90,90,90,90,90,80,,,
9,Trainer,2022-2023,,,,,,,,,,,,,,,,,,,,,,,,,,,,,,,,,,,,,,,,,,,,,,,,,,,,,,,,,,,,,,,,,,,,,,,,,,,,,30,40,80,30,30,10,50,40,50,60,100,60,80,50,100,100,60,90,70,40,20,70,90,90,50,30,20,,,,80,70,70,70,70,90,70,70,70,60,90,90,70,80,50,60,80,70,40,20,10,30,30,50,40,20,20,90,70,100,30,50,50,0,70,20,30,70,80,50,80,80,40,0,60,20,50,60,100,90,80,60,80,70,70,60,90,90,90,90,80,70,70,60,100,80,70,,,
10,Trainer,2022-2023,,,,,,,,,,,,,,,,,,,,,,,,,,,,,,,,,,,,,,,,,,,,,,,,,,,,,,,,,,,,,,,,,,,,,,,,,,,,,70,70,100,80,80,100,90,90,90,90,90,100,100,90,90,90,90,100,10,0,0,10,20,10,10,10,0,,,,100,80,90,90,80,90,90,90,90,90,90,90,90,90,90,90,90,90,10,20,0,0,20,10,0,20,0,90,80,100,80,80,80,80,80,80,80,80,90,90,80,80,90,90,90,90,80,100,90,80,80,70,70,80,80,80,70,70,80,80,70,70,80,80,100,80,80,,,
11,Trainer,2022-2023,,,,,,,,,,,,,,,,,,,,,,,,,,,,,,,,,,,,,,,,,,,,,,,,,,,,,,,,,,,,,,,,,,,,,,,,,,,,,90,90,90,90,90,80,90,90,90,100,90,100,100,90,90,90,100,80,0,0,0,0,0,10,0,0,0,,,,90,90,90,90,90,90,90,90,90,100,100,100,100,100,100,100,100,100,0,0,0,0,0,0,0,0,0,80,90,90,80,70,80,70,80,70,80,90,100,80,70,90,100,90,100,100,90,80,80,80,80,80,80,80,80,80,90,90,90,90,80,70,80,80,100,90,80,,,
12,Trainer,2022-2023,,,,,,,,,,,,,,,,,,,,,,,,,,,,,,,,,,,,,,,,,,,,,,,,,,,,,,,,,,,,,,,,,,,,,,,,,,,,,10,50,70,40,70,50,70,80,70,70,70,80,70,80,70,80,70,80,50,20,10,30,20,30,20,40,10,,,,70,100,80,80,80,70,80,80,80,70,90,90,80,80,70,70,70,80,20,10,0,20,30,30,20,30,30,80,100,90,90,80,80,80,90,80,80,90,90,90,90,80,80,80,90,80,90,100,90,80,90,80,80,80,90,80,80,80,80,80,90,80,80,80,90,70,80,,,
13,Trainer,2022-2023,,,,,,,,,,,,,,,,,,,,,,,,,,,,,,,,,,,,,,,,,,,,,,,,,,,,,,,,,,,,,,,,,,,,,,,,,,,,,20,30,20,0,20,10,10,10,20,90,90,90,100,100,100,90,100,100,80,60,80,90,80,100,80,70,80,,,,70,90,90,80,90,70,80,80,80,80,80,80,80,80,80,80,80,80,70,70,70,70,70,70,70,70,70,90,70,70,90,90,90,90,100,90,90,100,80,80,80,100,80,90,100,100,100,80,90,80,90,90,90,90,90,90,90,90,90,90,90,90,,90,100,100,100,,,
14,Trainer,2022-2023,,,,,,,,,,,,,,,,,,,,,,,,,,,,,,,,,,,,,,,,,,,,,,,,,,,,,,,,,,,,,,,,,,,,,,,,,,,,,80,90,90,90,80,90,90,90,90,100,100,100,100,100,100,100,100,100,10,0,0,0,10,0,0,10,10,,,,90,100,100,90,90,80,80,100,90,100,100,100,100,100,100,100,100,100,10,0,0,20,0,20,10,0,10,100,100,100,100,100,100,90,100,90,100,100,100,100,100,100,100,100,100,100,100,100,100,100,100,100,100,100,100,100,100,100,100,100,100,100,100,100,100,100,100,,,
15,Trainer,2022-2023,,,,,,,,,,,,,,,,,,,,,,,,,,,,,,,,,,,,,,,,,,,,,,,,,,,,,,,,,,,,,,,,,,,,,,,,,,,,,70,90,100,70,70,70,90,90,90,90,90,90,90,70,100,80,80,90,10,30,20,20,30,20,10,20,10,,,,80,100,100,80,80,90,70,80,100,70,60,60,80,80,90,70,70,80,20,20,20,20,20,30,20,30,20,50,80,70,70,60,60,80,80,50,70,80,70,90,70,80,60,50,80,70,70,80,70,70,90,70,80,70,60,70,90,90,90,90,70,70,70,60,100,80,80,,,
16,Trainer,2022-2023,,,,,,,,,,,,,,,,,,,,,,,,,,,,,,,,,,,,,,,,,,,,,,,,,,,,,,,,,,,,,,,,,,,,,,,,,,,,,100,100,100,100,100,100,100,100,100,100,100,100,100,100,100,100,100,100,0,0,0,0,0,0,0,0,0,,,,100,100,100,100,100,100,100,100,100,100,100,100,,100,100,100,100,100,0,10,0,10,10,20,10,10,0,100,100,100,100,100,100,100,100,100,100,100,100,100,100,100,100,100,100,100,100,100,100,100,100,,100,100,,100,100,100,100,100,100,90,90,90,100,100,90,,,
17,Trainer,2022-2023,,,,,,,,,,,,,,,,,,,,,,,,,,,,,,,,,,,,,,,,,,,,,,,,,,,,,,,,,,,,,,,,,,,,,,,,,,,,,90,90,100,90,80,90,80,100,90,80,100,100,100,100,60,60,100,60,70,0,0,50,50,90,90,20,90,,,,100,100,100,90,90,70,100,100,100,70,100,100,90,90,60,90,100,60,80,0,0,70,20,70,20,30,80,100,100,100,90,70,90,100,100,70,100,100,100,90,100,100,100,100,100,100,100,90,100,100,100,100,100,100,100,100,90,90,100,100,80,100,70,80,100,70,100,,,
18,Trainer,2022-2023,,,,,,,,,,,,,,,,,,,,,,,,,,,,,,,,,,,,,,,,,,,,,,,,,,,,,,,,,,,,,,,,,,,,,,,,,,,,,80,80,80,70,70,70,70,90,100,90,90,90,90,100,100,90,100,100,20,20,20,20,30,30,10,10,10,,,,80,90,90,90,90,90,90,90,90,100,100,100,100,100,100,80,100,100,40,20,30,60,30,70,20,20,10,100,90,100,100,100,100,90,100,100,100,90,100,90,80,100,100,90,100,90,90,100,100,100,100,80,70,80,90,90,100,80,90,90,80,100,90,80,100,90,90,,,
19,Trainer,2022-2023,,,,,,,,,,,,,,,,,,,,,,,,,,,,,,,,,,,,,,,,,,,,,,,,,,,,,,,,,,,,,,,,,,,,,,,,,,,,,20,80,60,60,80,30,50,80,60,70,100,90,100,100,70,80,90,60,80,60,80,70,30,80,60,40,40,,,,80,90,90,90,80,80,90,90,80,90,90,90,100,100,100,100,90,90,60,50,40,70,60,60,60,60,60,80,90,90,90,80,70,90,90,90,80,100,100,90,90,70,70,70,70,60,60,80,80,90,70,90,100,100,100,90,70,80,70,80,90,80,80,80,90,80,80,,,
20,Trainer,2022-2023,,,,,,,,,,,,,,,,,,,,,,,,,,,,,,,,,,,,,,,,,,,,,,,,,,,,,,,,,,,,,,,,,,,,,,,,,,,,,80,80,80,90,90,70,80,80,80,90,100,90,90,100,90,90,90,90,10,20,20,20,30,20,20,10,10,,,,90,100,100,100,100,100,100,100,80,100,100,100,100,100,100,100,100,100,0,0,0,0,0,0,0,0,10,100,90,100,80,90,100,90,90,80,80,80,100,90,100,100,100,100,100,100,100,90,100,100,100,100,100,100,100,100,100,100,100,100,100,100,100,100,100,100,100,,,
21,Trainer,2022-2023,,,,,,,,,,,,,,,,,,,,,,,,,,,,,,,,,,,,,,,,,,,,,,,,,,,,,,,,,,,,,,,,,,,,,,,,,,,,,40,60,60,50,50,60,60,70,60,60,70,70,60,60,70,70,80,80,50,40,30,40,30,30,30,30,30,,,,70,80,80,60,60,60,70,80,70,80,90,90,90,90,80,90,90,80,60,20,30,30,30,40,20,10,20,90,90,90,90,80,80,90,90,80,70,80,90,90,90,90,90,90,90,80,90,80,80,60,80,70,80,70,80,80,80,70,70,80,70,70,70,80,80,70,70,,,
22,Trainer,2022-2023,,,,,,,,,,,,,,,,,,,,,,,,,,,,,,,,,,,,,,,,,,,,,,,,,,,,,,,,,,,,,,,,,,,,,,,,,,,,,90,90,90,90,70,70,90,80,80,100,90,80,90,100,80,70,100,90,100,100,100,80,80,90,90,100,100,,,,100,100,100,100,100,100,100,100,100,100,100,100,100,100,100,100,100,100,0,0,0,0,0,0,0,0,0,100,100,100,100,90,100,100,100,100,100,100,100,100,90,100,100,90,100,90,100,100,100,80,90,90,100,100,100,100,100,100,100,100,100,100,100,100,100,100,100,,,
23,Trainer,2022-2023,,,,,,,,,,,,,,,,,,,,,,,,,,,,,,,,,,,,,,,,,,,,,,,,,,,,,,,,,,,,,,,,,,,,,,,,,,,,,80,60,80,80,70,90,80,80,80,80,70,80,80,70,90,80,80,80,20,30,20,20,30,10,30,10,10,,,,80,80,90,80,80,90,90,90,90,100,90,100,100,100,100,100,90,100,30,30,30,30,50,40,40,50,50,90,90,90,80,80,80,80,90,90,90,90,90,90,90,90,90,90,90,90,90,90,90,90,90,80,90,90,90,90,90,90,70,90,70,90,70,70,100,70,100,,,
24,Trainer,2022-2023,,,,,,,,,,,,,,,,,,,,,,,,,,,,,,,,,,,,,,,,,,,,,,,,,,,,,,,,,,,,,,,,,,,,,,,,,,,,,70,80,80,60,80,80,80,90,90,90,90,70,90,100,100,80,80,100,40,0,20,30,10,30,20,0,20,,,,90,60,50,70,80,100,80,90,90,100,60,50,100,90,100,70,80,90,40,0,20,50,30,10,60,0,20,80,90,100,100,100,80,100,80,90,100,70,90,70,90,100,100,100,100,100,80,90,70,90,100,90,80,100,100,80,90,90,100,100,90,100,90,80,100,100,80,,,
25,Trainer,2022-2023,,,,,,,,,,,,,,,,,,,,,,,,,,,,,,,,,,,,,,,,,,,,,,,,,,,,,,,,,,,,,,,,,,,,,,,,,,,,,80,100,100,100,100,70,100,100,100,100,100,100,100,100,100,100,100,100,100,50,20,30,20,90,10,0,0,,,,80,80,90,90,100,100,90,100,90,80,100,100,90,90,90,80,100,100,40,10,20,20,30,10,10,20,30,100,100,100,100,100,80,100,100,100,70,100,100,100,100,100,100,100,100,100,100,100,100,90,90,90,90,90,90,80,100,100,100,90,100,90,90,90,90,90,90,,,
2,Trainer,2023-2024,,15,Asian,,,,,,,,,,,,,,,,,,,,,,,,,,,,,,,,,,,,,,,,,,,,,,,,,,,,,,,,,,,,,,,,,,,,,,,,,,80,100,100,80,80,80,80,90,80,90,100,100,100,90,100,90,100,90,30,0,20,20,20,10,30,0,20,,,,90,100,90,90,80,80,80,100,90,100,100,100,100,100,90,90,100,90,10,0,10,10,20,10,20,0,10,100,100,100,100,100,100,100,100,100,100,100,100,90,80,100,100,90,100,80,100,90,100,100,90,90,100,100,80,100,90,100,100,100,90,100,90,90,100,80,100,,,
3,Trainer,2023-2024,,15,Asian,,,,,,,,,,,,,,,,,,,,,,,,,,,,,,,,,,,,,,,,,,,,,,,,,,,,,,,,,,,,,,,,,,,,,,,,,,60,80,90,90,70,60,70,90,100,90,100,90,100,90,90,90,90,90,20,10,10,20,30,30,20,10,10,,,,80,80,100,90,90,80,80,100,90,100,100,100,100,100,90,80,90,80,20,10,0,0,0,10,20,10,30,100,100,100,90,90,90,90,100,90,90,100,100,90,90,80,80,80,100,80,90,100,100,100,90,90,90,80,100,90,80,80,100,90,100,100,90,90,100,90,80,,,
4,Trainer,2023-2024,,14,Asian,,,,,,,,,,,,,,,,,,,,,,,,,,,,,,,,,,,,,,,,,,,,,,,,,,,,,,,,,,,,,,,,,,,,,,,,,,80,90,80,90,90,80,90,80,80,80,90,90,90,90,90,90,90,90,50,40,40,40,20,50,30,20,20,,,,90,90,90,90,90,90,90,90,90,90,90,90,90,90,90,90,90,90,10,10,10,10,10,10,10,10,10,90,90,90,80,80,80,80,90,80,90,90,90,80,80,80,90,90,90,90,80,90,80,90,80,90,80,80,90,90,80,90,90,80,90,90,90,90,90,90,90,,,
27,Trainer,2023-2024,,13,Asian,,,,,,,,,,,,,,,,,,,,,,,,,,,,,,,,,,,,,,,,,,,,,,,,,,,,,,,,,,,,,,,,,,,,,,,,,,50,70,70,50,30,30,30,70,40,90,90,90,90,90,90,90,90,90,70,30,30,50,80,70,70,30,50,,,,60,70,80,70,70,60,70,80,60,80,80,80,80,80,80,80,80,80,60,60,60,60,60,60,60,60,60,60,60,80,70,60,60,50,60,50,70,70,70,70,70,90,90,80,100,90,90,70,90,90,80,90,90,70,70,80,90,80,90,70,90,90,90,90,90,80,90,,,
6,Trainer,2023-2024,,14,Asian,,,,,,,,,,,,,,,,,,,,,,,,,,,,,,,,,,,,,,,,,,,,,,,,,,,,,,,,,,,,,,,,,,,,,,,,,,60,60,70,50,50,60,80,70,80,70,80,70,50,40,70,70,60,80,40,40,40,60,30,70,60,30,50,,,,60,60,80,50,80,60,80,80,70,80,80,60,90,60,80,90,90,60,60,50,30,30,50,20,60,70,20,70,60,70,60,50,70,70,70,50,40,60,70,60,60,,50,50,80,60,70,60,70,70,60,50,70,60,80,70,60,50,40,60,60,40,60,50,80,70,50,,,
7,Trainer,2023-2024,,14,"American Indian or Alaska Native,White",,,,,,,,,,,,,,,,,,,,,,,,,,,,,,,,,,,,,,,,,,,,,,,,,,,,,,,,,,,,,,,,,,,,,,,,,,90,90,90,90,90,70,100,100,90,90,100,100,100,90,90,90,100,90,10,0,10,10,20,30,20,10,10,,,,90,100,100,90,90,80,100,100,90,90,100,100,100,100,100,100,100,80,30,10,0,20,20,20,0,20,10,100,90,90,90,80,90,90,90,90,90,100,100,90,100,80,80,90,100,90,90,100,100,90,90,80,90,80,100,90,100,100,100,100,90,90,100,100,100,100,100,,,
28,Trainer,2023-2024,,14,Black or African American,,,,,,,,,,,,,,,,,,,,,,,,,,,,,,,,,,,,,,,,,,,,,,,,,,,,,,,,,,,,,,,,,,,,,,,,,,40,90,90,100,80,60,80,90,90,50,90,100,80,70,50,70,80,90,100,30,60,80,100,80,70,80,50,,,,40,70,60,50,50,40,50,50,60,80,80,70,80,90,60,60,60,40,40,20,30,50,80,40,90,90,70,90,80,70,90,90,80,60,90,70,90,60,90,70,80,80,90,80,90,90,80,70,40,90,70,80,70,50,80,60,60,80,90,50,80,70,80,70,100,70,80,,,
29,Trainer,2023-2024,,13,Asian,,,,,,,,,,,,,,,,,,,,,,,,,,,,,,,,,,,,,,,,,,,,,,,,,,,,,,,,,,,,,,,,,,,,,,,,,,70,50,90,60,50,50,50,60,50,70,80,70,70,70,70,70,70,70,30,30,30,40,40,40,40,50,40,,,,80,80,80,80,80,80,80,80,80,80,80,80,80,80,80,80,80,80,30,30,30,30,30,30,30,30,30,80,80,80,80,70,70,60,80,70,70,70,70,80,80,80,80,80,80,80,80,,90,100,90,80,80,90,90,80,90,80,90,90,90,80,90,90,90,90,90,,,
30,Trainer,2023-2024,,13,Asian,,,,,,,,,,,,,,,,,,,,,,,,,,,,,,,,,,,,,,,,,,,,,,,,,,,,,,,,,,,,,,,,,,,,,,,,,,60,90,90,70,70,40,40,60,60,80,100,100,80,90,100,100,90,90,40,10,30,30,40,50,50,40,50,,,,80,100,100,80,90,90,90,90,90,90,100,100,100,90,100,100,100,100,70,10,0,30,50,50,50,30,40,90,90,100,,90,90,90,90,90,80,90,100,80,80,90,90,90,90,80,80,100,100,100,100,100,100,90,90,90,90,100,90,80,80,100,100,100,100,100,90,,,
31,Trainer,2023-2024,,15,White,,,,,,,,,,,,,,,,,,,,,,,,,,,,,,,,,,,,,,,,,,,,,,,,,,,,,,,,,,,,,,,,,,,,,,,,,,50,90,90,70,90,40,80,100,90,50,100,100,80,100,50,70,100,80,70,0,0,30,10,70,10,0,10,,,,60,100,100,80,90,50,70,100,90,30,100,50,,70,30,40,100,80,30,0,0,30,10,70,50,0,0,100,100,100,100,100,100,100,100,100,100,100,100,80,100,100,100,100,100,100,100,100,100,100,100,100,80,80,100,100,90,90,90,100,80,100,100,100,100,100,90,,,
10,Trainer,2023-2024,,15,White,,,,,,,,,,,,,,,,,,,,,,,,,,,,,,,,,,,,,,,,,,,,,,,,,,,,,,,,,,,,,,,,,,,,,,,,,,90,80,90,80,70,90,90,80,80,90,100,90,100,100,100,90,80,80,20,30,20,30,60,10,40,60,30,,,,100,90,100,90,80,90,90,80,90,100,90,80,100,100,100,80,90,80,0,20,0,0,30,10,20,50,20,100,90,100,90,80,80,80,80,80,80,80,100,90,80,80,80,80,100,80,80,80,100,100,90,80,80,70,70,80,90,80,90,80,80,90,80,90,100,100,100,,,
32,Trainer,2023-2024,,14,White,,,,,,,,,,,,,,,,,,,,,,,,,,,,,,,,,,,,,,,,,,,,,,,,,,,,,,,,,,,,,,,,,,,,,,,,,,100,90,100,100,80,90,90,100,100,100,100,100,100,100,100,100,100,100,20,30,30,30,20,10,10,10,10,,,,100,100,100,100,100,100,100,100,100,100,100,100,100,100,100,100,100,100,10,10,0,0,30,0,50,10,20,100,100,100,100,100,100,100,100,100,100,100,100,100,100,100,70,70,100,80,90,100,100,100,90,90,90,100,90,90,100,100,100,90,70,70,100,100,100,100,100,,,
12,Trainer,2023-2024,,14,Asian,,,,,,,,,,,,,,,,,,,,,,,,,,,,,,,,,,,,,,,,,,,,,,,,,,,,,,,,,,,,,,,,,,,,,,,,,,70,80,80,70,80,70,80,80,80,70,80,80,70,80,70,70,70,80,20,20,0,20,20,20,20,20,10,,,,90,90,100,90,90,80,90,90,90,80,90,90,90,100,80,90,80,90,10,0,0,10,10,20,10,20,10,90,90,80,80,80,80,80,80,80,70,80,80,80,80,80,80,90,90,80,90,90,100,90,100,90,90,90,100,90,90,90,90,90,90,90,90,90,100,90,90,,,
33,Trainer,2023-2024,,13,White,,,,,,,,,,,,,,,,,,,,,,,,,,,,,,,,,,,,,,,,,,,,,,,,,,,,,,,,,,,,,,,,,,,,,,,,,,70,80,80,80,80,80,80,100,90,80,100,100,90,90,90,90,90,90,30,20,20,40,30,30,40,0,10,,,,90,100,100,100,100,100,100,100,100,100,70,100,100,100,100,100,100,100,0,0,0,0,0,0,0,50,0,90,80,100,90,80,80,100,100,100,90,100,100,100,100,90,80,80,80,80,90,80,90,90,90,90,90,100,100,100,80,100,100,100,100,100,100,100,100,90,100,,,
14,Trainer,2023-2024,,15,Asian,,,,,,,,,,,,,,,,,,,,,,,,,,,,,,,,,,,,,,,,,,,,,,,,,,,,,,,,,,,,,,,,,,,,,,,,,,80,100,100,80,100,80,90,90,90,100,100,100,100,100,100,100,100,100,10,0,0,0,10,10,0,0,0,,,,100,100,100,100,100,100,100,100,100,100,100,100,100,100,100,100,100,100,0,0,0,0,0,0,0,0,0,100,90,100,100,100,100,100,100,90,100,100,100,100,100,100,100,100,100,100,100,100,100,100,100,100,100,100,100,90,100,100,100,100,100,100,100,100,100,100,100,,,
34,Trainer,2023-2024,,13,Asian,,,,,,,,,,,,,,,,,,,,,,,,,,,,,,,,,,,,,,,,,,,,,,,,,,,,,,,,,,,,,,,,,,,,,,,,,,20,80,80,80,80,80,60,70,70,90,100,100,100,100,100,100,90,80,60,70,60,60,60,60,60,60,60,,,,80,80,80,80,80,80,80,80,80,60,60,70,70,70,70,70,70,70,30,40,30,30,30,30,30,30,30,60,50,50,60,40,40,40,60,40,70,60,70,60,60,50,30,40,80,50,70,80,70,70,70,70,80,70,70,70,70,80,80,80,80,70,90,60,90,70,70,,,
35,Trainer,2023-2024,,13,Asian,,,,,,,,,,,,,,,,,,,,,,,,,,,,,,,,,,,,,,,,,,,,,,,,,,,,,,,,,,,,,,,,,,,,,,,,,,50,50,70,50,40,40,40,70,40,70,60,80,80,80,80,70,90,60,20,10,0,20,20,20,30,0,20,,,,90,90,90,70,80,70,70,80,80,90,90,90,80,80,90,90,90,80,30,20,10,60,40,50,60,20,30,90,70,70,80,70,80,60,90,70,80,80,70,80,80,80,80,80,90,80,80,80,80,90,70,90,90,90,90,70,80,90,90,80,70,90,90,90,90,90,80,,,
36,Trainer,2023-2024,,13,White,,,,,,,,,,,,,,,,,,,,,,,,,,,,,,,,,,,,,,,,,,,,,,,,,,,,,,,,,,,,,,,,,,,,,,,,,,70,60,80,80,90,80,80,90,90,60,90,100,90,80,90,90,70,70,40,30,30,50,60,70,70,80,50,,,,,,,,,,,,,,,,,,,,,,,,,,,,,,,50,50,90,80,70,100,90,100,70,40,60,90,90,80,100,80,80,100,80,80,,,,,,,,,,,,,,,,,,,,,,,
37,Trainer,2023-2024,,16,Black or African American,,,,,,,,,,,,,,,,,,,,,,,,,,,,,,,,,,,,,,,,,,,,,,,,,,,,,,,,,,,,,,,,,,,,,,,,,,80,90,90,70,70,80,90,90,90,80,100,100,90,100,90,90,80,80,80,20,40,80,70,70,50,80,80,,,,80,100,100,90,80,90,90,90,90,70,100,100,80,80,60,70,60,50,100,20,30,100,100,100,100,100,100,100,80,90,100,90,90,90,100,80,90,100,90,90,100,90,60,60,100,80,100,100,100,90,100,100,100,100,100,100,100,100,100,90,100,100,90,90,100,70,100,,,
18,Trainer,2023-2024,,14,Asian,,,,,,,,,,,,,,,,,,,,,,,,,,,,,,,,,,,,,,,,,,,,,,,,,,,,,,,,,,,,,,,,,,,,,,,,,,70,70,80,70,60,80,90,90,80,90,100,90,100,90,80,90,90,80,50,30,20,20,60,50,30,0,20,,,,90,90,100,80,80,90,100,100,100,90,100,100,100,100,90,90,100,80,20,0,0,10,10,20,0,0,0,80,70,100,100,90,90,100,90,80,90,90,90,90,90,90,100,90,100,90,90,100,100,100,100,90,100,100,100,100,100,100,100,100,100,100,100,80,100,90,90,,,
38,Trainer,2023-2024,,13,Asian,,,,,,,,,,,,,,,,,,,,,,,,,,,,,,,,,,,,,,,,,,,,,,,,,,,,,,,,,,,,,,,,,,,,,,,,,,70,90,90,80,90,70,80,100,100,50,70,60,40,40,60,70,80,80,60,70,60,80,80,50,50,80,60,,,,80,90,90,80,80,100,100,90,90,90,90,80,90,90,100,90,90,90,20,10,20,10,20,10,10,20,0,40,40,30,20,50,60,60,70,60,30,90,70,50,60,40,50,60,70,60,70,50,70,70,80,80,90,90,80,90,70,70,60,70,80,50,60,60,60,80,80,,,
39,Trainer,2023-2024,,14,Black or African American,,,,,,,,,,,,,,,,,,,,,,,,,,,,,,,,,,,,,,,,,,,,,,,,,,,,,,,,,,,,,,,,,,,,,,,,,,80,90,100,70,90,80,80,100,90,90,100,100,100,90,100,100,100,100,40,10,20,30,40,50,30,10,,,,,80,100,100,90,90,90,70,100,90,80,100,100,100,80,90,,100,100,70,100,,60,80,60,70,100,80,80,100,100,90,70,80,80,90,80,90,80,90,80,80,100,100,90,100,90,100,100,,100,90,100,80,100,100,90,90,100,100,80,90,100,100,100,100,80,100,,,
26,Trainer,2023-2024,,14,White,,,,,,,,,,,,,,,,,,,,,,,,,,,,,,,,,,,,,,,,,,,,,,,,,,,,,,,,,,,,,,,,,,,,,,,,,,70,70,70,70,70,70,70,70,70,80,80,80,80,80,80,80,80,80,40,40,40,40,40,40,40,40,40,,,,80,100,80,90,70,100,60,60,50,80,100,70,90,60,80,90,100,50,80,20,20,30,50,50,40,50,40,70,60,60,60,60,60,60,60,60,60,60,60,60,60,60,60,60,60,60,60,90,60,100,100,60,70,100,80,80,100,70,70,70,80,90,50,40,40,30,40,,,
20,Trainer,2023-2024,,15,Asian,,,,,,,,,,,,,,,,,,,,,,,,,,,,,,,,,,,,,,,,,,,,,,,,,,,,,,,,,,,,,,,,,,,,,,,,,,100,90,100,100,90,90,100,100,100,100,100,100,100,90,100,100,100,100,0,0,0,0,0,10,0,0,0,,,,100,100,100,100,100,100,100,100,100,100,100,100,100,100,100,100,100,100,0,0,0,0,0,0,0,0,0,90,100,100,100,100,100,100,100,100,100,100,100,100,100,100,100,100,100,100,100,40,100,90,100,80,100,90,100,90,100,100,100,100,100,100,100,100,100,100,100,,,
40,Trainer,2023-2024,,14,White,,,,,,,,,,,,,,,,,,,,,,,,,,,,,,,,,,,,,,,,,,,,,,,,,,,,,,,,,,,,,,,,,,,,,,,,,,100,80,90,90,80,90,90,80,80,100,80,80,90,,100,70,70,90,0,20,0,0,20,0,0,10,10,,,,90,80,90,80,80,90,90,100,80,100,80,90,100,80,100,80,60,80,0,20,10,10,40,20,10,30,10,80,70,100,80,90,100,80,80,80,90,90,70,80,100,90,80,80,100,70,80,70,70,90,80,90,70,70,70,80,70,90,60,80,90,80,90,80,80,80,90,,,
22,Trainer,2023-2024,,14,Black or African American,,,,,,,,,,,,,,,,,,,,,,,,,,,,,,,,,,,,,,,,,,,,,,,,,,,,,,,,,,,,,,,,,,,,,,,,,,70,70,70,70,70,70,70,70,70,90,90,90,90,90,90,90,90,90,20,20,20,20,20,20,20,20,20,,,,100,100,100,100,100,100,100,100,100,100,100,100,100,100,100,100,100,100,20,20,20,20,20,20,20,20,20,80,70,50,70,60,90,70,90,80,60,70,90,90,90,90,80,90,90,90,90,50,50,50,80,80,80,80,70,80,80,80,80,80,80,80,100,100,100,100,90,,,
41,Trainer,2023-2024,,13,Asian,,,,,,,,,,,,,,,,,,,,,,,,,,,,,,,,,,,,,,,,,,,,,,,,,,,,,,,,,,,,,,,,,,,,,,,,,,60,40,40,70,80,60,70,80,50,40,50,30,40,60,50,50,40,60,30,40,20,40,20,40,40,30,30,,,,,,,,,,,,,,,,,,,,,,20,10,30,20,10,10,40,20,10,70,80,70,60,70,60,70,60,50,70,80,80,70,50,70,30,30,80,70,70,70,60,90,90,80,50,30,50,30,70,70,60,50,70,70,80,30,80,60,70,,,
42,Trainer,2023-2024,,13,Asian,,,,,,,,,,,,,,,,,,,,,,,,,,,,,,,,,,,,,,,,,,,,,,,,,,,,,,,,,,,,,,,,,,,,,,,,,,80,70,70,60,80,50,80,80,80,80,80,100,100,70,80,80,80,90,40,20,50,40,10,70,10,0,20,,,,,,,,,,,,,,,,,,,,,,,,,,,,,,,80,80,70,70,50,40,30,40,50,80,90,70,80,70,50,20,10,60,30,70,,,,,,,,,,,,,,,,,,,,,,,
25,Trainer,2023-2024,,15,Asian,,,,,,,,,,,,,,,,,,,,,,,,,,,,,,,,,,,,,,,,,,,,,,,,,,,,,,,,,,,,,,,,,,,,,,,,,,90,90,90,90,90,70,70,70,90,100,100,100,100,90,90,80,90,90,20,10,10,20,20,10,10,20,10,,,,100,100,100,100,100,100,80,80,90,100,100,100,100,100,100,100,100,100,0,10,20,0,0,20,20,20,10,100,90,100,90,90,90,100,100,100,90,100,100,80,90,100,100,100,100,90,100,100,80,100,100,100,100,100,100,100,90,100,100,100,100,100,100,100,100,90,100,,,
43,Trainer,2023-2024,,13,Asian,,,,,,,,,,,,,,,,,,,,,,,,,,,,,,,,,,,,,,,,,,,,,,,,,,,,,,,,,,,,,,,,,,,,,,,,,,20,50,50,30,40,30,30,50,60,70,70,80,80,90,90,90,90,90,50,50,50,60,60,60,50,50,50,,,,,,,,,,,,,,,,,,,,,,,,,,,,,,,50,40,60,50,50,50,50,50,50,,40,50,50,50,50,50,50,50,50,50,,,,,,,,,,,,,,,,,,,,,,,
