ID,student_type,Year,Gender,Grade,Ethnicity,School,City,Zipcode,Curriculum,student_continuation,Attendance_Percentage,science_math_community,math_confidence_stem,math_stem_opportunity,math_stem_career,science_stem_confidence,science_stem_opportunity,science_stem_career,engineer_confidence,engineer_stem_opportunity,stem_career,stem_community,grit_stem_problemsolve,grit_community_stem_problemsolve,stem_opportunity,community_design_confidence,grit_problemsolve,community_problemsolve_design,engineer_problemsolve_design,learner_engineer_content_confidence,learner_engineer_tinker_confidence,earner_grit_problemsolve_confidence,learner_grit_problemsolve_confidence,learner_grit_problemsolve_design,learner_engineer_identity,learner_engineer_recognition,learner_community_communicate,learner_community_history,learner_community_belonging,learner_community_attachment,science_math_community,math_confidence_stem,math_stem_opportunity,math_stem_career,science_stem_confidence,science_stem_opportunity,science_stem_career,engineer_confidence,engineer_stem_opportunity,stem_career,stem_community,grit_stem_problemsolve,grit_community_stem_problemsolve,stem_opportunity,community_design_confidence,grit_problemsolve,community_problemsolve_design,engineer_problemsolve_design,learner_engineer_content_confidence,learner_engineer_tinker_confidence,earner_grit_problemsolve_confidence,learner_grit_problemsolve_confidence,learner_grit_problemsolve_design,learner_engineer_identity,learner_engineer_recognition,learner_community_communicate,learner_community_history,learner_community_belonging,learner_community_attachment,maker_confidence_conduct,maker_confidence_identify,maker_confidence_research,maker_confidence_develop,maker_confidence_select,maker_confidence_construct,maker_confidence_evaluate,maker_confidence_communicate,maker_confidence_redesign,maker_motivation_conduct,maker_motivation_identify,maker_motivation_research,maker_motivation_develop,maker_motivation_select,maker_motivation_construct,maker_motivation_evaluate,maker_motivation_communicate,maker_motivation_redesign,maker_anxiety_conduct,maker_anxiety_identify,maker_anxiety_research,maker_anxiety_develop,maker_anxiety_select,maker_anxiety_construct,maker_anxiety_evaluate,maker_anxiety_communicate,maker_anxiety_redesign,maker_confidence_conduct,maker_confidence_identify,maker_confidence_research,maker_confidence_develop,maker_confidence_select,maker_confidence_construct,maker_confidence_evaluate,maker_confidence_communicate,maker_confidence_redesign,maker_motivation_conduct,maker_motivation_identify,maker_motivation_research,maker_motivation_develop,maker_motivation_select,maker_motivation_construct,maker_motivation_evaluate,maker_motivation_communicate,maker_motivation_redesign,maker_anxiety_conduct,maker_anxiety_identify,maker_anxiety_research,maker_anxiety_develop,maker_anxiety_select,maker_anxiety_construct,maker_anxiety_evaluate,maker_anxiety_communicate,maker_anxiety_redesign,pre_community_avg,pre_stem_avg,pre_engineering_avg,pre_grit_avg,post_community_avg,post_stem_avg,post_engineering_avg,post_grit_avg,avg_diff_community,avg_diff_stem,avg_diff_engineering,avg_diff_grit,maker_pre_confidence_avg,maker_pre_motivation_avg,maker_pre_anxiety_avg,maker_post_confidence_avg,maker_post_motivation_avg,maker_post_anxiety_avg,maker_diff_total_confidence,maker_diff_total_motivation,maker_diff_total_anxiety
69,Learner,2023-2024,Female,8,White,Non-Durham Public School,Wilmington,28405,Water,No,85.71428571,5,4,4,3,5,4,5,5,5,5,5,5,4,4,4,4,4,4,4,4,4,4,4,3,5,4,3,4,3,5,4,4,4,5,5,5,5,5,5,5,5,4,5,5,4,3,4,4,4,4,4,4,3,4,4,3,4,3,,,,,,,,,,,,,,,,,,,,,,,,,,,,,,,,,,,,,,,,,,,,,,,,,,,,,,,4.4,4.416666667,4.666666667,4.5,4.4,4.666666667,4.666666667,4.5,0,0.25,0,0,,,,,,,,,
93,Learner,2023-2024,Male,7,Black,Durham School of the Arts,Durham,27705,Water,No,85.71428571,5,4,4,3,5,5,4,4,4,5,5,4,4,4,4,5,5,4,4,5,5,4,4,4,5,4,3,3,3,5,5,4,4,5,4,5,5,5,4,4,5,4,4,5,5,5,4,4,4,4,4,4,4,5,5,4,4,5,,,,,,,,,,,,,,,,,,,,,,,,,,,,,,,,,,,,,,,,,,,,,,,,,,,,,,,4.4,4.25,4,4.5,4.8,4.416666667,4.666666667,4.5,0.4,0.166666667,0.666666667,0,,,,,,,,,
100,Learner,2023-2024,Male,7,Black,Durham School of the Arts,Durham,27713,Water,No,Dropped,4,4,4,5,4,4,3,4,5,4,4,4,4,4,5,4,5,4,3,4,5,4,4,4,5,4,3,3,3,,,,,,,,,,,,,,,,,,,,,,,,,,,,,,,,,,,,,,,,,,,,,,,,,,,,,,,,,,,,,,,,,,,,,,,,,,,,,,,,,,,,4.4,4.166666667,3.666666667,4,,,,,,,,,,,,,,,,,
112,Learner,2023-2024,Male,7,Asian,Durham Private School,Durham,27707,Health,No,100,4,4,3,3,4,4,3,5,5,5,4,4,4,4,3,4,4,4,5,5,4,4,4,3,5,4,3,4,4,5,5,4,4,5,4,4,5,3,5,5,4,3,3,4,4,4,4,5,4,3,4,4,4,4,4,3,5,4,,,,,,,,,,,,,,,,,,,,,,,,,,,,,,,,,,,,,,,,,,,,,,,,,,,,,,,3.8,4.083333333,4,4,4,4.166666667,4.333333333,4,0.2,0.083333333,0.333333333,0,,,,,,,,,
113,Learner,2023-2024,Female,8,White,Brodgen,Durham,27701,Health,No,85.71428571,5,4,4,4,4,4,4,3,4,4,4,4,4,4,3,3,4,4,4,3,4,3,3,3,3,4,4,4,4,4,5,5,5,4,5,5,4,4,4,4,4,5,5,4,5,4,4,3,4,4,4,4,3,4,4,4,4,4,,,,,,,,,,,,,,,,,,,,,,,,,,,,,,,,,,,,,,,,,,,,,,,,,,,,,,,4,3.916666667,3.666666667,3.75,4.2,4.5,4.333333333,4.5,0.2,0.583333333,0.666666667,0.75,,,,,,,,,
114,Learner,2023-2024,Male,7,Black,Githens,Durham,27705,Health,No,Dropped,5,4,4,3,5,5,5,5,5,5,4,4,5,5,5,4,4,4,5,4,5,4,5,4,5,5,5,5,5,,,,,,,,,,,,,,,,,,,,,,,,,,,,,,,,,,,,,,,,,,,,,,,,,,,,,,,,,,,,,,,,,,,,,,,,,,,,,,,,,,,,4.6,4.5,4.666666667,4.25,,,,,,,,,,,,,,,,,
116,Learner,2023-2024,Female,7,Black,Non-Durham Public School,Raleigh,27610,Health,No,100,4,4,3,2,4,4,3,4,2,4,4,4,4,3,4,4,4,4,4,4,4,4,4,3,4,4,4,4,2,5,5,4,2,4,4,3,4,4,4,4,4,4,3,4,3,4,4,4,4,3,4,4,4,4,4,4,4,4,,,,,,,,,,,,,,,,,,,,,,,,,,,,,,,,,,,,,,,,,,,,,,,,,,,,,,,4,3.5,3.666666667,4,4.2,3.833333333,3.666666667,3.75,0.2,0.333333333,0,-0.25,,,,,,,,,
119,Learner,2023-2024,Female,7,Other,Lakewood,Durham,27713,Health,No,Dropped,4,3,4,4,2,4,3,3,4,4,4,4,4,4,3,4,4,4,4,3,4,3,4,4,4,4,3,3,3,,,,,,,,,,,,,,,,,,,,,,,,,,,,,,,,,,,,,,,,,,,,,,,,,,,,,,,,,,,,,,,,,,,,,,,,,,,,,,,,,,,,3.8,3.666666667,3.333333333,4,,,,,,,,,,,,,,,,,
120,Learner,2023-2024,Male,7,Black,Githens,Durham,27707,Light,No,100,5,5,5,5,5,5,5,5,5,5,5,5,5,5,5,4,4,5,5,5,5,5,5,5,5,3,1,2,1,5,5,5,5,5,5,5,5,5,5,5,5,5,5,5,5,5,5,5,5,5,5,4,5,5,5,5,3,2,,,,,,,,,,,,,,,,,,,,,,,,,,,,,,,,,,,,,,,,,,,,,,,,,,,,,,,4.8,5,5,4.75,5,5,5,5,0.2,0,0,0.25,,,,,,,,,
136,Learner,2023-2024,Female,8,Black,Non-Durham Public School,Durham,27704,Light,No,Dropped,5,4,4,4,,4,,3,,5,3,5,4,5,3,4,5,5,,,,,,,,,,,,,,,,,,,,,,,,,,,,,,,,,,,,,,,,,,,,,,,,,,,,,,,,,,,,,,,,,,,,,,,,,,,,,,,,,,,,,,,,,,,,,,,4.4,4.1,4,4,,,,,,,,,,,,,,,,,
138,Learner,2023-2024,Female,8,Asian,Non-Durham Public School,Apex,27523,Water,No,100,4,5,5,3,4,5,5,5,5,5,4,5,4,5,4,4,4,4,4,5,5,5,4,4,4,5,5,5,4,5,5,5,4,5,5,5,5,4,5,5,5,5,5,5,5,5,5,5,5,5,5,4,4,5,5,4,5,5,,,,,,,,,,,,,,,,,,,,,,,,,,,,,,,,,,,,,,,,,,,,,,,,,,,,,,,4.2,4.583333333,4.666666667,4.25,5,4.833333333,5,5,0.8,0.25,0.333333333,0.75,,,,,,,,,
139,Learner,2023-2024,Female,7,"Hispanic, Latino, or Spanish origin",Non-Durham Public School,Durham,27522,Water,No,Dropped,4,4,2,2,4,4,2,5,5,4,4,4,3,4,4,4,3,4,3,4,4,4,4,4,2,4,2,3,3,,,,,,,,,,,,,,,,,,,,,,,,,,,,,,,,,,,,,,,,,,,,,,,,,,,,,,,,,,,,,,,,,,,,,,,,,,,,,,,,,,,,3.6,3.75,3.666666667,3.75,,,,,,,,,,,,,,,,,
141,Learner,2023-2024,Female,7,Black,Githens,Durham,27705,Water,No,100,4,4,4,4,4,4,4,4,4,4,4,4,4,4,4,4,4,4,4,4,4,4,4,3,4,4,4,4,4,4,4,4,4,4,4,4,4,4,4,4,4,4,4,4,4,4,4,4,4,5,4,4,3,5,4,3,4,4,,,,,,,,,,,,,,,,,,,,,,,,,,,,,,,,,,,,,,,,,,,,,,,,,,,,,,,4,4,4,4,4,4,4,4,0,0,0,0,,,,,,,,,
142,Learner,2023-2024,Male,6,Black,Non-Durham Public School,Raleigh,27610,Health,No,100,5,4,5,5,5,3,3,4,3,2,3,3,5,4,5,3,4,4,3,5,2,3,4,5,4,3,3,3,2,4,4,5,4,4,5,4,4,4,5,4,5,3,4,3,4,3,4,4,5,4,3,4,3,4,5,3,4,3,,,,,,,,,,,,,,,,,,,,,,,,,,,,,,,,,,,,,,,,,,,,,,,,,,,,,,,4.4,3.833333333,3.666666667,3.5,3.6,4.25,4,4,-0.8,0.416666667,0.333333333,0.5,,,,,,,,,
143,Learner,2023-2024,Female,7,White,Brodgen,Durham,27705,Water,No,100,5,5,4,2,5,5,4,5,5,4,5,5,5,4,5,4,5,5,5,5,4,5,5,4,4,5,4,5,5,5,5,5,2,4,5,2,5,4,3,3,4,4,3,4,4,5,4,3,5,5,5,4,3,5,3,4,3,4,,,,,,,,,,,,,,,,,,,,,,,,,,,,,,,,,,,,,,,,,,,,,,,,,,,,,,,5,4.5,4.666666667,4.75,4.4,3.916666667,3.666666667,3.75,-0.6,-0.583333333,-1,-1,,,,,,,,,
144,Learner,2023-2024,Male,7,Black,Non-Durham Public School,Raleigh,27613,Health,No,85.71428571,4,4,3,2,3,3,4,4,4,4,4,3,5,4,3,4,5,5,4,2,4,3,3,3,3,2,2,4,4,4,4,1,1,4,3,5,3,4,3,3,3,4,4,5,4,4,3,4,5,4,3,3,4,4,4,2,3,4,,,,,,,,,,,,,,,,,,,,,,,,,,,,,,,,,,,,,,,,,,,,,,,,,,,,,,,4,3.583333333,4.333333333,4,4,3.083333333,3.666666667,3.5,0,-0.5,-0.666666667,-0.5,,,,,,,,,
145,Learner,2023-2024,Male,7,White,Lakewood,Durham,27707,Light,No,85.71428571,5,3,4,3,5,5,5,5,5,4,5,5,5,5,5,3,5,5,4,5,4,5,4,4,5,5,3,5,5,4,4,3,3,5,5,5,5,5,5,5,4,5,5,5,5,5,5,4,5,4,4,4,4,5,4,4,5,5,,,,,,,,,,,,,,,,,,,,,,,,,,,,,,,,,,,,,,,,,,,,,,,,,,,,,,,5,4.5,5,4.5,4.6,4.5,5,4.75,-0.4,0,0,0.25,,,,,,,,,
146,Learner,2023-2024,Female,6,White,Other Durham Public/Charter School,Durham,27712,Light,No,85.71428571,3,4,2,2,4,3,3,4,4,5,4,4,4,5,3,3,4,3,4,4,4,3,3,3,4,3,3,5,5,3,3,1,1,4,3,2,4,2,3,4,2,4,3,3,3,3,3,2,4,4,3,3,1,4,4,3,4,5,,,,,,,,,,,,,,,,,,,,,,,,,,,,,,,,,,,,,,,,,,,,,,,,,,,,,,,3.6,3.75,3.333333333,3.75,3,2.833333333,3,3.25,-0.6,-0.916666667,-0.333333333,-0.5,,,,,,,,,
147,Learner,2023-2024,,8,Other,Lakewood,Durham,27705,Water,No,85.71428571,5,5,4,2,5,5,5,4,5,5,3,5,5,5,3,2,5,4,4,4,3,4,3,3,5,5,2,4,5,4,5,4,4,5,5,5,4,4,5,5,5,4,4,5,4,5,4,5,5,4,4,4,4,5,4,4,5,3,,,,,,,,,,,,,,,,,,,,,,,,,,,,,,,,,,,,,,,,,,,,,,,,,,,,,,,4.6,4.416666667,4.333333333,3.75,4.6,4.5,4.333333333,4.5,0,0.083333333,0,0.75,,,,,,,,,
148,Learner,2023-2024,Female,8,White,Non-Durham Private School,Clayton,27527,Health,No,100,4,4,2,3,4,5,5,4,4,5,5,5,4,4,4,4,4,5,4,5,5,4,4,3,5,5,5,3,3,5,4,3,3,5,5,5,3,4,5,5,5,4,4,4,5,5,5,5,5,4,4,4,3,5,4,5,3,3,,,,,,,,,,,,,,,,,,,,,,,,,,,,,,,,,,,,,,,,,,,,,,,,,,,,,,,4.2,4.083333333,4.666666667,4.5,4.6,4.166666667,4.333333333,4.75,0.4,0.083333333,-0.333333333,0.25,,,,,,,,,
149,Learner,2023-2024,Male,8,Other,Non-Durham Private School,Durham,27705,Light,No,100,5,3,3,3,5,5,5,4,4,5,5,4,5,5,4,5,5,5,4,5,4,4,5,5,5,4,3,4,4,4,4,3,3,5,5,5,5,5,4,5,5,5,5,5,5,5,5,5,5,5,5,5,5,5,5,5,5,5,,,,,,,,,,,,,,,,,,,,,,,,,,,,,,,,,,,,,,,,,,,,,,,,,,,,,,,4.6,4.25,4.666666667,4.75,4.8,4.5,5,5,0.2,0.25,0.333333333,0.25,,,,,,,,,
150,Learner,2023-2024,Female,6,Asian,Non-Durham Private School,Cary,27519,Health,No,Dropped,5,4,5,5,4,5,5,3,3,5,5,5,5,5,5,3,5,5,3,3,4,4,3,3,5,4,3,3,3,,,,,,,,,,,,,,,,,,,,,,,,,,,,,,,,,,,,,,,,,,,,,,,,,,,,,,,,,,,,,,,,,,,,,,,,,,,,,,,,,,,,5,4.5,4.333333333,4.5,,,,,,,,,,,,,,,,,
151,Learner,2023-2024,Male,6,White,Githens,Durham,27705,Light,No,85.71428571,5,5,5,4,4,4,3,5,5,4,5,4,4,4,5,3,5,5,5,4,5,4,4,3,4,5,2,4,4,4,5,4,4,4,4,4,5,5,4,4,5,4,4,4,4,4,4,4,4,4,4,4,4,5,4,3,4,4,,,,,,,,,,,,,,,,,,,,,,,,,,,,,,,,,,,,,,,,,,,,,,,,,,,,,,,4.6,4.416666667,4.333333333,4,4.2,4.333333333,4.333333333,4.25,-0.4,-0.083333333,0,0.25,,,,,,,,,
152,Learner,2023-2024,Female,6,Other,Rogers-Herr,Durham,27705,Health,No,Dropped,4,4,5,3,5,5,4,4,5,5,4,5,5,4,3,4,4,3,5,5,5,4,4,5,5,4,4,5,4,,,,,,,,,,,,,,,,,,,,,,,,,,,,,,,,,,,,,,,,,,,,,,,,,,,,,,,,,,,,,,,,,,,,,,,,,,,,,,,,,,,,4.2,4.5,3.666666667,4.5,,,,,,,,,,,,,,,,,
153,Learner,2023-2024,Male,7,Black,Durham Private School,Durham,27707,Health,No,57.14285714,3,3,3,1,3,4,1,4,4,3,4,4,3,3,3,3,3,3,4,4,4,4,5,3,4,4,2,3,3,4,3,4,1,3,3,1,5,3,4,4,4,3,2,3,2,3,2,3,4,3,3,4,2,3,4,2,3,3,,,,,,,,,,,,,,,,,,,,,,,,,,,,,,,,,,,,,,,,,,,,,,,,,,,,,,,3.2,3.25,2.666666667,3.5,3.4,3.25,2.666666667,3.25,0.2,0,0,-0.25,,,,,,,,,
154,Learner,2023-2024,Female,6,Black,Other Durham Public/Charter School,Durham,27704,Water,No,100,4,4,3,3,5,5,4,5,5,4,4,4,5,4,5,4,4,4,5,5,4,4,4,4,4,4,4,4,4,4,4,3,4,4,5,5,4,5,4,4,4,4,4,5,5,4,4,4,5,4,4,4,4,4,4,3,3,4,,,,,,,,,,,,,,,,,,,,,,,,,,,,,,,,,,,,,,,,,,,,,,,,,,,,,,,4.4,4.25,4.333333333,4.25,4.2,4.083333333,4.333333333,4.25,-0.2,-0.166666667,0,0,,,,,,,,,
155,Learner,2023-2024,Male,7,White,Brodgen,Durham,27705,Light,No,100,4,5,5,5,4,5,5,5,5,4,4,5,5,4,5,5,5,5,5,5,3,4,4,4,5,4,1,1,2,5,5,5,5,5,4,5,5,5,5,5,5,5,5,5,4,5,5,5,5,5,5,5,5,5,5,2,2,4,,,,,,,,,,,,,,,,,,,,,,,,,,,,,,,,,,,,,,,,,,,,,,,,,,,,,,,4.8,4.666666667,5,4.75,5,4.916666667,5,4.75,0.2,0.25,0,0,,,,,,,,,
156,Learner,2023-2024,Female,6,"Hispanic, Latino, or Spanish origin",Durham Private School,Durham,27707,Health,No,100,4,3,5,3,2,3,2,4,3,4,4,5,5,4,4,4,5,5,4,4,5,4,3,4,5,5,3,4,5,5,4,4,3,4,5,3,5,3,5,5,5,5,4,5,4,5,5,4,4,4,5,5,4,4,5,5,5,4,,,,,,,,,,,,,,,,,,,,,,,,,,,,,,,,,,,,,,,,,,,,,,,,,,,,,,,4.6,3.75,3.666666667,4.5,5,4.333333333,4.333333333,4.75,0.4,0.583333333,0.666666667,0.25,,,,,,,,,
157,Learner,2023-2024,Female,6,White,Githens,Durham,27705,Water,No,100,5,5,5,4,4,4,4,4,4,4,4,5,4,4,4,4,4,4,4,4,4,4,4,3,5,4,3,3,4,5,4,3,4,4,3,4,4,3,5,5,5,4,4,5,5,4,5,5,5,5,5,5,3,5,5,3,3,3,,,,,,,,,,,,,,,,,,,,,,,,,,,,,,,,,,,,,,,,,,,,,,,,,,,,,,,4.4,4.25,4,4.25,4.6,4,4.333333333,4.75,0.2,-0.25,0.333333333,0.5,,,,,,,,,
158,Learner,2023-2024,Male,7,Black,Non-Durham Public School,Cary,27519,Light,No,85.71428571,4,4,3,3,4,3,4,4,3,3,4,4,4,3,3,4,3,4,3,4,4,4,4,2,4,3,2,2,2,4,4,3,3,4,4,3,4,4,4,4,4,4,3,4,4,3,4,4,4,4,4,4,4,4,3,4,3,3,,,,,,,,,,,,,,,,,,,,,,,,,,,,,,,,,,,,,,,,,,,,,,,,,,,,,,,3.6,3.5,4,4,3.8,3.75,3.666666667,4,0.2,0.25,-0.333333333,0,,,,,,,,,
159,Learner,2023-2024,Female,6,Black,Durham Private School,Durham,27705,Health,No,71.42857143,4,4,4,5,4,4,5,4,4,4,4,4,4,4,4,4,4,4,4,4,4,4,4,3,4,4,4,4,4,5,4,1,1,5,4,4,3,3,3,4,3,4,3,5,5,5,5,4,4,5,5,5,3,5,3,2,5,4,,,,,,,,,,,,,,,,,,,,,,,,,,,,,,,,,,,,,,,,,,,,,,,,,,,,,,,4,4.083333333,4.333333333,4,4.4,3.166666667,4,4,0.4,-0.916666667,-0.333333333,0,,,,,,,,,
160,Learner,2023-2024,Male,7,Black,Githens,Durham,27707,Health,No,Dropped,5,5,5,5,5,5,5,4,5,4,4,5,4,5,5,4,4,4,4,4,5,4,4,4,4,5,4,5,4,,,,,,,,,,,,,,,,,,,,,,,,,,,,,,,,,,,,,,,,,,,,,,,,,,,,,,,,,,,,,,,,,,,,,,,,,,,,,,,,,,,,4.6,4.666666667,4.333333333,4.25,,,,,,,,,,,,,,,,,
161,Learner,2023-2024,Female,7,White,Durham School of the Arts,Durham,27712,Light,No,100,5,5,5,5,4,4,3,4,4,5,5,5,5,5,4,3,4,4,4,4,4,4,4,3,5,5,3,5,4,5,5,5,5,5,4,4,4,4,5,5,5,4,5,5,5,5,5,5,5,5,5,5,4,5,5,4,5,5,,,,,,,,,,,,,,,,,,,,,,,,,,,,,,,,,,,,,,,,,,,,,,,,,,,,,,,4.6,4.666666667,3.666666667,4.5,4.8,4.666666667,4.333333333,4.75,0.2,0,0.666666667,0.25,,,,,,,,,
162,Learner,2023-2024,Male,6,Black,Brodgen,Durham,27705,Water,No,100,4,4,3,4,4,4,4,4,4,4,4,4,4,4,4,3,4,4,3,,,,,,,,,,,5,4,4,2,4,4,3,4,4,4,5,5,4,4,4,5,5,5,5,4,5,5,5,5,5,5,4,5,5,,,,,,,,,,,,,,,,,,,,,,,,,,,,,,,,,,,,,,,,,,,,,,,,,,,,,,,4,3.916666667,4,3.75,4.6,4,4,4.75,0.6,0.083333333,0,1,,,,,,,,,
163,Learner,2023-2024,Female,6,Black,Lakewood,Durham,27705,Light,No,100,5,3,3,2,4,5,4,4,5,4,4,5,3,5,4,4,4,4,4,4,5,4,4,4,4,4,4,3,4,5,4,4,3,5,5,4,5,4,5,5,4,3,4,5,5,4,4,5,5,5,4,4,5,5,5,4,4,4,,,,,,,,,,,,,,,,,,,,,,,,,,,,,,,,,,,,,,,,,,,,,,,,,,,,,,,4.2,3.916666667,4,4,4.2,4.25,4.333333333,4.25,0,0.333333333,0.333333333,0.25,,,,,,,,,
164,Learner,2023-2024,Male,6,Asian,Non-Durham Public School,Raleigh,27519,Health,No,100,5,5,4,4,4,5,5,3,3,4,4,4,5,5,4,4,4,4,3,4,4,4,4,3,4,5,5,5,5,5,4,3,4,4,3,4,4,3,4,4,5,5,4,4,5,5,4,5,5,4,4,4,3,4,4,5,5,5,,,,,,,,,,,,,,,,,,,,,,,,,,,,,,,,,,,,,,,,,,,,,,,,,,,,,,,4.4,4.166666667,4,4.25,4.8,3.916666667,4,4.75,0.4,-0.25,0,0.5,,,,,,,,,
165,Learner,2023-2024,Female,6,White,Durham Private School,Durham,27713,Health,No,100,4,4,4,3,5,5,4,5,5,5,5,5,4,4,5,4,4,4,4,4,5,4,4,3,4,4,4,3,4,4,4,3,2,5,4,4,5,4,4,4,4,4,4,4,4,4,5,4,5,4,4,4,3,4,4,3,4,4,,,,,,,,,,,,,,,,,,,,,,,,,,,,,,,,,,,,,,,,,,,,,,,,,,,,,,,4.4,4.5,4.333333333,4.5,4,3.916666667,4.666666667,4,-0.4,-0.583333333,0.333333333,-0.5,,,,,,,,,
166,Learner,2023-2024,Male,6,Other,Lakewood,Durham,27704,Health,No,85.71428571,3,4,3,,4,3,2,4,2,3,3,3,2,2,3,4,2,3,3,4,4,3,3,1,5,3,2,3,3,4,5,3,2,4,3,4,5,2,3,4,3,3,2,5,4,3,4,3,5,4,3,3,2,5,3,3,3,3,,,,,,,,,,,,,,,,,,,,,,,,,,,,,,,,,,,,,,,,,,,,,,,,,,,,,,,2.6,3,3,3,3.6,3.25,4.333333333,3.5,1,0.25,1.333333333,0.5,,,,,,,,,
167,Learner,2023-2024,Female,6,Black,Durham School of the Arts,Durham,27701,Health,No,100,5,4,4,3,5,5,4,4,4,5,4,5,4,4,4,5,4,4,4,5,5,4,4,3,5,5,4,4,5,5,4,4,4,5,4,4,4,4,5,4,4,4,5,3,4,4,4,4,5,,4,5,4,4,5,3,4,5,,,,,,,,,,,,,,,,,,,,,,,,,,,,,,,,,,,,,,,,,,,,,,,,,,,,,,,4.4,4.25,4,4.5,4,4.25,4,4,-0.4,0,0,-0.5,,,,,,,,,
168,Learner,2023-2024,Female,7,Black,Durham School of the Arts,Durham,27713,Water,No,100,5,4,4,5,4,4,5,5,5,5,5,5,4,5,5,5,5,4,4,5,4,4,5,4,5,5,3,3,3,5,5,5,4,4,4,5,5,5,5,5,4,4,4,4,4,5,4,5,3,5,4,5,4,5,5,3,4,5,,,,,,,,,,,,,,,,,,,,,,,,,,,,,,,,,,,,,,,,,,,,,,,,,,,,,,,4.8,4.583333333,4.666666667,4.75,4.4,4.5,4.666666667,4.25,-0.4,-0.083333333,0,-0.5,,,,,,,,,
169,Learner,2023-2024,Female,6,White,Lakewood,Durham,27705,Light,No,85.71428571,3,4,2,3,4,3,2,4,5,4,5,4,4,3,4,4,4,5,4,5,5,4,4,3,3,3,3,5,5,4,4,3,3,5,3,3,4,4,4,4,4,5,4,5,4,5,4,3,4,5,5,4,3,4,5,3,5,5,,,,,,,,,,,,,,,,,,,,,,,,,,,,,,,,,,,,,,,,,,,,,,,,,,,,,,,3.8,3.75,3.666666667,4.25,4.6,3.916666667,3.666666667,4.25,0.8,0.166666667,0,0,,,,,,,,,
170,Learner,2023-2024,Male,7,White,Brodgen,Durham,27705,Water,No,100,5,5,3,3,4,3,4,5,4,4,4,4,3,3,4,3,4,4,4,4,3,4,4,2,4,4,3,4,4,5,5,5,5,5,5,5,5,5,5,5,5,5,5,5,5,5,5,5,5,5,5,5,5,5,5,3,4,5,,,,,,,,,,,,,,,,,,,,,,,,,,,,,,,,,,,,,,,,,,,,,,,,,,,,,,,4,3.75,4.333333333,3.5,5,5,5,5,1,1.25,0.666666667,1.5,,,,,,,,,
171,Learner,2023-2024,Male,6,"Hispanic, Latino, or Spanish origin",Githens,Durham,27707,Light,No,85.71428571,4,5,5,4,4,4,4,5,5,4,4,4,5,5,5,4,4,5,5,5,5,4,5,4,4,5,4,4,4,4,4,4,3,4,4,4,5,5,4,5,4,4,4,5,5,4,4,4,5,5,4,4,5,4,4,3,5,3,,,,,,,,,,,,,,,,,,,,,,,,,,,,,,,,,,,,,,,,,,,,,,,,,,,,,,,4.4,4.5,4.666666667,4.25,4.2,4.166666667,4.333333333,4.5,-0.2,-0.333333333,-0.333333333,0.25,,,,,,,,,
172,Learner,2023-2024,they/them/their,8,White,Non-Durham Public School,Chapel Hill,27514,Light,No,100,4,4,4,4,4,4,4,4,4,4,4,4,4,4,4,4,4,4,4,4,4,4,4,4,4,4,3,4,4,4,4,3,5,4,3,4,5,5,5,5,5,4,5,4,4,4,5,4,5,4,4,4,3,5,4,2,4,4,,,,,,,,,,,,,,,,,,,,,,,,,,,,,,,,,,,,,,,,,,,,,,,,,,,,,,,4,4,4,4,4.2,4.416666667,4.666666667,4.5,0.2,0.416666667,0.666666667,0.5,,,,,,,,,
173,Learner,2023-2024,Female,6,"Hispanic, Latino, or Spanish origin",Githens,Durham,27713,Health,No,85.71428571,4,4,4,4,4,4,4,4,4,4,4,4,4,4,4,4,4,4,4,4,4,4,4,4,4,4,4,4,4,4,4,4,4,4,4,5,4,3,4,3,4,4,4,3,4,4,4,3,4,4,4,4,3,4,4,4,4,4,,,,,,,,,,,,,,,,,,,,,,,,,,,,,,,,,,,,,,,,,,,,,,,,,,,,,,,4,4,4,4,3.8,3.833333333,4.333333333,3.75,-0.2,-0.166666667,0.333333333,-0.25,,,,,,,,,
174,Learner,2023-2024,Female,6,Black & White (the form only allows a single selection),Durham Private School,Durham,27713,Water,No,100,5,5,4,3,5,5,5,5,5,5,5,5,5,5,5,5,5,5,4,5,5,4,4,4,5,5,5,4,4,4,5,4,4,5,5,5,5,5,5,5,5,5,5,5,5,5,5,5,5,5,5,5,5,5,5,4,4,5,,,,,,,,,,,,,,,,,,,,,,,,,,,,,,,,,,,,,,,,,,,,,,,,,,,,,,,5,4.75,5,5,4.8,4.833333333,5,5,-0.2,0.083333333,0,0,,,,,,,,,
175,Learner,2023-2024,Male,6,White,Brodgen,Durham,27705,Light,No,100,5,5,4,4,4,4,4,3,4,5,4,5,4,4,4,4,4,4,4,4,4,4,4,4,4,4,5,3,4,4,5,3,4,5,3,4,5,4,4,4,4,4,3,4,3,4,5,4,4,5,4,4,3,4,3,4,4,4,,,,,,,,,,,,,,,,,,,,,,,,,,,,,,,,,,,,,,,,,,,,,,,,,,,,,,,4.4,4.166666667,3.666666667,4.25,4,4,4.666666667,3.75,-0.4,-0.166666667,1,-0.5,,,,,,,,,
176,Learner,2023-2024,Female,6,Black,Other Durham Public/Charter School,Durham,27703,Health,No,Dropped,5,4,5,4,4,5,4,4,5,5,5,5,5,5,4,4,5,5,4,4,5,4,4,5,5,5,5,5,5,,,,,,,,,,,,,,,,,,,,,,,,,,,,,,,,,,,,,,,,,,,,,,,,,,,,,,,,,,,,,,,,,,,,,,,,,,,,,,,,,,,,4.8,4.666666667,4.333333333,4.75,,,,,,,,,,,,,,,,,
177,Learner,2023-2024,Female,6,Black,Durham School of the Arts,Durham,27705,Water,No,Dropped,4,2,5,3,4,4,2,2,2,4,3,5,3,3,2,3,2,3,3,4,1,2,2,2,3,4,4,3,2,,,,,,,,,,,,,,,,,,,,,,,,,,,,,,,,,,,,,,,,,,,,,,,,,,,,,,,,,,,,,,,,,,,,,,,,,,,,,,,,,,,,3.2,3.333333333,2.333333333,3.5,,,,,,,,,,,,,,,,,
178,Learner,2023-2024,Female,6,Asian,Non-Durham Public School,Cary,27519,Water,No,Dropped,4,4,3,4,5,5,4,5,5,4,4,4,4,5,5,3,4,4,5,5,4,4,5,4,5,5,3,5,5,,,,,,,,,,,,,,,,,,,,,,,,,,,,,,,,,,,,,,,,,,,,,,,,,,,,,,,,,,,,,,,,,,,,,,,,,,,,,,,,,,,,4.2,4.333333333,4.333333333,3.75,,,,,,,,,,,,,,,,,
179,Learner,2023-2024,Male,8,White,Brodgen,Durham,27705,Light,No,100,5,5,4,3,5,4,3,3,4,5,5,4,4,4,3,4,3,4,5,5,5,3,3,2,4,4,4,5,5,5,5,4,4,5,4,4,4,4,5,5,5,4,4,3,3,3,4,4,3,5,3,4,3,4,4,4,4,4,,,,,,,,,,,,,,,,,,,,,,,,,,,,,,,,,,,,,,,,,,,,,,,,,,,,,,,3.8,4.166666667,3.333333333,4.25,4,4.416666667,4,4.25,0.2,0.25,0.666666667,0,,,,,,,,,
180,Learner,2023-2024,Female,6,White,Githens,Durham,27707,Light,No,100,3,5,5,5,4,4,4,4,3,4,2,3,2,3,3,4,2,3,4,3,5,3,4,4,5,2,1,4,4,4,5,5,5,5,5,5,4,3,4,3,4,4,5,3,3,3,4,5,4,5,4,4,3,4,3,1,3,4,,,,,,,,,,,,,,,,,,,,,,,,,,,,,,,,,,,,,,,,,,,,,,,,,,,,,,,2.6,3.666666667,3.666666667,2.75,3.6,4.333333333,4.333333333,3.5,1,0.666666667,0.666666667,0.75,,,,,,,,,
181,Learner,2023-2024,Female,6,"Hispanic, Latino, or Spanish origin",Other Durham Public/Charter School,Durham,27712,Light,No,100,4,5,2,4,5,4,4,5,4,4,5,4,3,4,4,4,3,4,4,4,4,3,4,3,4,4,3,4,3,4,5,2,3,4,3,4,4,4,4,3,2,3,4,4,4,3,4,3,4,4,2,3,3,5,4,3,3,4,,,,,,,,,,,,,,,,,,,,,,,,,,,,,,,,,,,,,,,,,,,,,,,,,,,,,,,3.6,4.083333333,4.333333333,4,3.2,3.416666667,4,3,-0.4,-0.666666667,-0.333333333,-1,,,,,,,,,
182,Learner,2023-2024,Female,7,Asian,Non-Durham Public School,Cary,27519,Health,No,71.42857143,5,4,5,3,4,5,5,4,3,5,5,5,5,5,4,4,4,4,4,4,4,1,1,1,5,5,4,5,4,5,4,3,2,5,5,5,4,4,5,4,5,5,5,5,5,5,5,5,5,5,5,5,2,4,5,5,5,5,,,,,,,,,,,,,,,,,,,,,,,,,,,,,,,,,,,,,,,,,,,,,,,,,,,,,,,4.6,4.416666667,4.333333333,4.75,5,4.25,4.666666667,4.75,0.4,-0.166666667,0.333333333,0,,,,,,,,,
183,Learner,2023-2024,they/them/their,6,White,Other Durham Public/Charter School,Durham,27703,Light,No,100,4,3,1,2,3,4,4,4,5,4,4,3,4,4,4,3,4,4,4,4,4,4,4,3,5,4,2,3,4,4,4,3,2,4,4,4,5,5,4,5,4,4,4,4,4,4,4,4,4,4,4,4,3,5,4,2,3,4,,,,,,,,,,,,,,,,,,,,,,,,,,,,,,,,,,,,,,,,,,,,,,,,,,,,,,,3.8,3.416666667,4,3.5,4,4,4.333333333,4.25,0.2,0.583333333,0.333333333,0.75,,,,,,,,,
184,Learner,2023-2024,Female,7,Asian,Non-Durham Public School,Apex,27523,Water,No,85.71428571,3,4,4,4,2,3,2,2,3,5,4,4,4,2,2,4,4,3,2,2,5,3,2,1,2,3,4,4,4,1,5,4,4,2,2,2,4,2,4,4,4,3,2,4,5,3,4,4,4,5,4,4,2,4,4,2,3,2,,,,,,,,,,,,,,,,,,,,,,,,,,,,,,,,,,,,,,,,,,,,,,,,,,,,,,,3.4,3.416666667,2.333333333,4,3,3.333333333,3.333333333,4,-0.4,-0.083333333,1,0,,,,,,,,,
185,Learner,2023-2024,Female,6,Black,Lakewood,Durham,27707,Health,No,85.71428571,4,4,5,5,4,5,5,4,5,5,5,4,4,5,4,4,4,4,4,4,3,3,3,4,5,5,4,4,4,4,4,5,5,4,5,5,4,5,5,5,5,4,5,4,4,5,4,4,4,4,4,4,4,5,5,4,4,4,,,,,,,,,,,,,,,,,,,,,,,,,,,,,,,,,,,,,,,,,,,,,,,,,,,,,,,4,4.583333333,4.333333333,4.25,4.4,4.666666667,4.333333333,4.5,0.4,0.083333333,0,0.25,,,,,,,,,
186,Learner,2023-2024,Male,7,Black,Non-Durham Public School,Chapel Hill,27514,Light,No,100,3,4,3,2,4,3,3,3,4,4,4,4,3,4,3,4,4,4,4,4,3,4,4,3,5,4,3,4,3,3,5,3,2,3,3,2,4,3,4,4,4,3,3,3,4,3,5,4,4,5,4,4,3,5,3,2,3,3,,,,,,,,,,,,,,,,,,,,,,,,,,,,,,,,,,,,,,,,,,,,,,,,,,,,,,,3.4,3.5,3.333333333,3.75,3.2,3.416666667,3.666666667,3.75,-0.2,-0.083333333,0.333333333,0,,,,,,,,,
187,Learner,2023-2024,Female,7,Black,Brodgen,Durham,27705,Light,No,Dropped,5,5,4,3,5,4,3,3,5,4,5,4,5,3,4,4,5,5,4,3,4,4,4,4,4,5,4,5,5,,,,,,,,,,,,,,,,,,,,,,,,,,,,,,,,,,,,,,,,,,,,,,,,,,,,,,,,,,,,,,,,,,,,,,,,,,,,,,,,,,,,4.6,4.166666667,3.666666667,4.5,,,,,,,,,,,,,,,,,
188,Learner,2023-2024,Male,8,Asian,Non-Durham Public School,Raleigh,27519,Water,No,85.71428571,5,4,3,,5,5,5,4,5,5,5,5,4,5,4,3,4,4,4,3,4,3,5,5,4,4,5,4,3,5,5,5,4,5,5,4,5,5,4,4,5,3,5,4,4,5,5,5,3,5,3,4,4,5,3,3,4,5,,,,,,,,,,,,,,,,,,,,,,,,,,,,,,,,,,,,,,,,,,,,,,,,,,,,,,,4.4,4.545454545,4.333333333,4.25,4.4,4.583333333,4.666666667,4,0,0.037878788,0.333333333,-0.25,,,,,,,,,
189,Learner,2023-2024,Female,8,White,Githens,Durham,27707,Light,No,85.71428571,4,4,4,3,4,4,4,4,4,4,4,4,4,4,3,4,4,4,3,4,4,4,4,3,5,4,4,4,4,5,5,3,3,5,3,4,4,3,5,5,5,4,3,4,4,4,4,4,4,4,4,4,4,4,4,4,4,4,,,,,,,,,,,,,,,,,,,,,,,,,,,,,,,,,,,,,,,,,,,,,,,,,,,,,,,3.8,3.916666667,4,4,4.4,4,4,4.5,0.6,0.083333333,0,0.5,,,,,,,,,
190,Learner,2023-2024,Female,6,Multiple,Durham School of the Arts,Durham,27701,Water,No,100,5,4,5,4,5,5,5,5,5,5,5,5,5,5,5,5,5,5,5,5,5,5,5,4,5,5,5,4,4,5,4,4,4,5,5,5,5,5,5,4,4,4,5,5,5,4,5,5,5,5,5,5,4,5,4,4,5,5,,,,,,,,,,,,,,,,,,,,,,,,,,,,,,,,,,,,,,,,,,,,,,,,,,,,,,,5,4.833333333,5,5,4.4,4.5,5,4.25,-0.6,-0.333333333,0,-0.75,,,,,,,,,
191,Learner,2023-2024,,6,Black,Githens,Durham,27707,Water,No,100,4,4,4,5,4,4,5,4,4,4,4,4,4,4,4,5,4,4,5,5,4,4,5,4,4,4,5,4,4,4,4,5,4,5,4,4,5,4,4,5,5,5,4,4,4,4,4,4,4,4,4,4,4,5,5,4,4,4,,,,,,,,,,,,,,,,,,,,,,,,,,,,,,,,,,,,,,,,,,,,,,,,,,,,,,,4,4.083333333,4.333333333,4.25,4.4,4.5,4.333333333,4.75,0.4,0.416666667,0,0.5,,,,,,,,,
192,Learner,2023-2024,Male,8,Asian,Brodgen,Durham,27705,Water,No,100,5,5,5,4,4,4,5,4,4,5,5,5,5,5,5,4,5,5,4,5,5,5,5,4,5,5,5,5,5,5,5,5,5,5,5,5,5,5,5,5,5,5,5,5,5,5,5,5,5,5,5,5,5,5,5,5,5,3,,,,,,,,,,,,,,,,,,,,,,,,,,,,,,,,,,,,,,,,,,,,,,,,,,,,,,,5,4.583333333,4.666666667,4.75,5,5,5,5,0,0.416666667,0.333333333,0.25,,,,,,,,,
193,Learner,2023-2024,Male,6,Black,Rogers-Herr,Durham,27703,Water,No,100,4,4,4,5,4,4,5,4,4,4,4,4,4,4,4,4,4,4,4,3,3,4,4,4,4,4,4,4,4,4,4,4,4,5,5,5,5,4,4,5,4,4,4,5,4,4,4,4,4,4,4,5,4,4,5,4,4,5,,,,,,,,,,,,,,,,,,,,,,,,,,,,,,,,,,,,,,,,,,,,,,,,,,,,,,,4,4.083333333,4.333333333,4,4.2,4.333333333,4.666666667,4.25,0.2,0.25,0.333333333,0.25,,,,,,,,,
194,Learner,2023-2024,Female,6,Asian,Non-Durham Private School,Other,27519,Light,No,100,5,4,5,4,4,4,4,4,4,5,4,4,5,4,4,4,4,4,4,4,4,4,4,4,4,4,4,4,5,5,4,5,5,4,5,5,5,5,5,5,5,5,5,4,5,4,5,4,5,5,5,5,5,5,5,4,4,4,,,,,,,,,,,,,,,,,,,,,,,,,,,,,,,,,,,,,,,,,,,,,,,,,,,,,,,4.4,4.25,4,4.25,4.6,4.833333333,5,5,0.2,0.583333333,1,0.75,,,,,,,,,
195,Learner,2023-2024,Female,6,Black,Other Durham Public/Charter School,Chapel Hill,27516,Health,No,Dropped,5,5,5,5,5,5,5,5,5,5,5,5,5,5,5,4,5,4,4,4,4,4,4,5,4,4,4,4,4,,,,,,,,,,,,,,,,,,,,,,,,,,,,,,,,,,,,,,,,,,,,,,,,,,,,,,,,,,,,,,,,,,,,,,,,,,,,,,,,,,,,5,5,4.666666667,4.75,,,,,,,,,,,,,,,,,
124,Learner,2022-2023,Female,8,Other,West Cary Middle,Cary,27519,Health,No,100,4,3,4,4,2,5,5,3,4,5,5,4,5,5,3,3,4,5,3,5,4,4,4,,,,,,,4,4,5,4,4,5,5,4,3,5,4,4,4,5,5,4,4,4,3,4,5,4,4,,,,,,,,,,,,,,,,,,,,,,,,,,,,,,,,,,,,,,,,,,,,,,,,,,,,,,,,,,,,,4,4.083333333,4.333333333,4.25,4.2,4.25,4.333333333,4,0.2,0.166666667,0,-0.25,,,,,,,,,
102,Learner,2022-2023,Male,7,Asian,Lakewood Montessori Middle School,Durham,27713,Light,No,Dropped,5,5,4,4,5,4,5,5,5,5,5,5,5,5,5,4,5,5,5,5,5,5,5,,,,,,,,,,,,,,,,,,,,,,,,,,,,,,,,,,,,,,,,,,,,,,,,,,,,,,,,,,,,,,,,,,,,,,,,,,,,,,,,,,,,,,,,,,5,4.75,5,4.75,,,,,,,,,,,,,,,,,
130,Learner,2022-2023,Female,6,White,Rogers-Herr Middle,Durham,27707,Health,No,85.71428571,4,5,4,3,5,5,5,5,5,5,5,4,5,5,3,3,5,5,4,5,4,4,5,,,,,,,5,4,3,4,5,4,5,5,4,5,4,4,4,4,4,4,4,4,4,4,5,4,5,,,,,,,,,,,,,,,,,,,,,,,,,,,,,,,,,,,,,,,,,,,,,,,,,,,,,,,,,,,,,4.2,4.666666667,5,4.25,4.2,4.166666667,4.666666667,4,0,-0.5,-0.333333333,-0.25,,,,,,,,,
117,Learner,2022-2023,Male,7,White,Sherwood Githens,Durham,27713,Water,No,100,4,4,4,5,5,5,5,4,5,5,5,5,4,5,4,4,4,5,4,4,4,4,4,,,,,,,5,5,3,5,5,4,5,4,4,5,5,5,5,5,4,4,4,4,4,4,5,4,4,,,,,,,,,,,,,,,,,,,,,,,,,,,,,,,,,,,,,,,,,,,,,,,,,,,,,,,,,,,,,4.2,4.666666667,4.666666667,4.5,4.6,4.583333333,4.333333333,4.75,0.4,-0.083333333,-0.333333333,0.25,,,,,,,,,
125,Learner,2022-2023,Male,6,Black,Central Park School for Children,Durham,27713,Health,No,100,3,4,2,3,4,4,2,5,5,4,4,4,2,3,4,4,4,4,3,4,4,4,4,,,,,,,4,4,3,3,4,3,4,5,4,4,4,4,4,3,4,4,3,4,4,4,4,4,4,,,,,,,,,,,,,,,,,,,,,,,,,,,,,,,,,,,,,,,,,,,,,,,,,,,,,,,,,,,,,3.4,3.666666667,3.666666667,3.5,3.8,3.75,4.333333333,4,0.4,0.083333333,0.666666667,0.5,,,,,,,,,
133,Learner,2022-2023,Female,6,Asian,Duke School,Durham,27713,Health,No,85.71428571,5,4,5,3,4,4,4,5,5,5,5,5,5,5,5,5,5,5,4,5,5,5,5,,,,,,,5,5,5,4,4,5,5,5,5,5,5,5,5,5,5,5,5,5,5,5,5,5,5,,,,,,,,,,,,,,,,,,,,,,,,,,,,,,,,,,,,,,,,,,,,,,,,,,,,,,,,,,,,,5,4.583333333,4.666666667,5,5,4.833333333,5,5,0,0.25,0.333333333,0,,,,,,,,,
99,Learner,2022-2023,Female,8,"Hispanic, Latino, or Spanish origin",Central Park school for children,Durham,27703,Light,No,71.42857143,5,4,3,2,4,3,1,5,4,4,5,5,5,4,5,5,5,5,5,5,4,5,5,,,,,,,5,4,4,2,5,3,2,5,5,5,5,5,5,5,5,5,5,5,5,5,5,5,5,,,,,,,,,,,,,,,,,,,,,,,,,,,,,,,,,,,,,,,,,,,,,,,,,,,,,,,,,,,,,5,4,3.666666667,5,5,4.416666667,4,5,0,0.416666667,0.333333333,0,,,,,,,,,
108,Learner,2022-2023,Male,6,Black,Durham School of the Arts (DSA),Durahm,27704,Water,No,85.71428571,4,2,3,1,5,3,5,5,4,3,4,3,3,4,4,4,3,3,4,4,2,3,3,,,,,,,4,3,3,2,5,4,4,5,4,3,5,4,3,4,4,4,3,5,5,5,1,2,4,,,,,,,,,,,,,,,,,,,,,,,,,,,,,,,,,,,,,,,,,,,,,,,,,,,,,,,,,,,,,3.4,3.333333333,4.333333333,3.5,3.6,3.75,4.666666667,4,0.2,0.416666667,0.333333333,0.5,,,,,,,,,
126,Learner,2022-2023,Male,8,"Hispanic, Latino, or Spanish origin",Sherwood Githens,Durham,27517,Health,No,85.71428571,4,4,4,4,5,4,4,3,3,4,4,4,3,4,3,3,3,4,3,4,4,3,4,,,,,,,4,5,4,4,5,5,5,4,3,4,4,4,3,3,4,4,3,4,5,5,4,3,4,,,,,,,,,,,,,,,,,,,,,,,,,,,,,,,,,,,,,,,,,,,,,,,,,,,,,,,,,,,,,3.4,3.833333333,3.666666667,3.5,3.6,4,4.333333333,3.75,0.2,0.166666667,0.666666667,0.25,,,,,,,,,
134,Learner,2022-2023,Male,6,Black,Githens Middle School,Durham,27713,Health,No,71.42857143,5,5,4,5,4,5,4,4,5,5,5,5,4,5,4,4,5,5,4,4,4,5,4,,,,,,,4,5,5,5,4,5,5,2,5,4,4,5,4,5,4,3,4,4,5,4,3,4,4,,,,,,,,,,,,,,,,,,,,,,,,,,,,,,,,,,,,,,,,,,,,,,,,,,,,,,,,,,,,,4.6,4.666666667,4.333333333,4.5,4.2,4.416666667,3.666666667,4,-0.4,-0.25,-0.666666667,-0.5,,,,,,,,,
104,Learner,2022-2023,Female,6,White,lakewood montessori,Durham,27701,Water,No,Dropped,,,,,,,,,,,,,,,,,,,,,,,,,,,,,,,,,,,,,,,,,,,,,,,,,,,,,,,,,,,,,,,,,,,,,,,,,,,,,,,,,,,,,,,,,,,,,,,,,,,,,,,,,,,,,,,,,,,,,,,,,,,,,,,,,,,,,
127,Learner,2022-2023,Male,6,Black,Central Park School for Children,Durham,27713,Health,No,100,4,5,4,3,5,4,3,4,5,3,3,4,4,4,4,4,4,4,4,5,4,5,4,,,,,,,4,5,4,3,4,4,3,4,4,5,5,4,4,4,4,4,4,4,4,5,4,4,4,,,,,,,,,,,,,,,,,,,,,,,,,,,,,,,,,,,,,,,,,,,,,,,,,,,,,,,,,,,,,4,4,3.666666667,3.75,4,4.166666667,3.666666667,4.25,0,0.166666667,0,0.5,,,,,,,,,
101,Learner,2022-2023,Male,8,Black,Rogers Herr middle school,Durham,27703,Light,No,85.71428571,4,4,5,4,5,5,5,5,5,5,5,4,4,4,4,4,5,4,4,5,4,4,4,,,,,,,4,4,4,5,4,4,5,3,4,4,5,4,3,4,3,3,4,4,4,4,4,4,4,,,,,,,,,,,,,,,,,,,,,,,,,,,,,,,,,,,,,,,,,,,,,,,,,,,,,,,,,,,,,4.2,4.583333333,4.666666667,4.25,3.6,4,4,3.75,-0.6,-0.583333333,-0.666666667,-0.5,,,,,,,,,
103,Learner,2022-2023,Female,7,Black,Brogden middle school,Durham,27704,Water,No,Dropped,5,5,5,3,5,5,4,5,4,5,5,5,5,5,5,5,5,4,4,4,4,5,4,,,,,,,,,,,,,,,,,,,,,,,,,,,,,,,,,,,,,,,,,,,,,,,,,,,,,,,,,,,,,,,,,,,,,,,,,,,,,,,,,,,,,,,,,,5,4.75,4.333333333,5,,,,,,,,,,,,,,,,,
106,Learner,2022-2023,Female,6,Black,Central Park School for Children Middle School,Durham,27703,Water,No,100,4,4,4,4,4,4,4,5,4,4,4,3,3,4,4,4,4,4,4,4,4,4,4,,,,,,,4,4,4,4,4,4,4,4,4,4,4,4,4,4,4,4,4,4,4,4,4,4,4,,,,,,,,,,,,,,,,,,,,,,,,,,,,,,,,,,,,,,,,,,,,,,,,,,,,,,,,,,,,,3.6,3.916666667,4.333333333,3.5,4,4,4,4,0.4,0.083333333,-0.333333333,0.5,,,,,,,,,
121,Learner,2022-2023,Female,6,Black,Rogers Herr middle school,Durham,27703,Water,No,100,5,4,4,2,5,5,4,2,4,4,4,4,5,3,4,4,5,4,4,4,4,5,5,,,,,,,5,4,4,2,5,5,4,2,5,5,5,5,5,4,4,5,4,4,4,4,5,5,4,,,,,,,,,,,,,,,,,,,,,,,,,,,,,,,,,,,,,,,,,,,,,,,,,,,,,,,,,,,,,4.6,3.833333333,3.333333333,4.25,4.6,4.25,3.333333333,5,0,0.416666667,0,0.75,,,,,,,,,
136,Learner,2022-2023,Female,7,Black,Maureen Joy charter,Durham,27704,Health,No,Dropped,4,5,4,3,2,1,4,5,4,4,4,4,4,5,5,4,5,5,3,5,4,5,4,,,,,,,,,,,,,,,,,,,,,,,,,,,,,,,,,,,,,,,,,,,,,,,,,,,,,,,,,,,,,,,,,,,,,,,,,,,,,,,,,,,,,,,,,,4.4,3.75,4.666666667,4,,,,,,,,,,,,,,,,,
100,Learner,2022-2023,Male,6,Black,Central Park Middle School,Durham,27713,Light,No,100,4,4,3,3,4,4,4,3,3,5,5,4,4,4,3,3,4,4,2,4,4,4,3,,,,,,,4,4,3,3,4,4,4,4,5,4,5,5,4,4,4,4,4,4,4,4,5,4,4,,,,,,,,,,,,,,,,,,,,,,,,,,,,,,,,,,,,,,,,,,,,,,,,,,,,,,,,,,,,,3.8,3.833333333,3.666666667,4,4.2,4.083333333,4,4.5,0.4,0.25,0.333333333,0.5,,,,,,,,,
114,Learner,2022-2023,Male,6,Black,Sherwood Githens Middle School,Durham,27705,Water,No,57.14285714,5,4,4,4,4,5,5,5,5,5,5,5,5,5,5,3,5,4,4,5,4,4,4,,,,,,,5,4,4,5,5,5,5,4,5,5,5,4,5,5,4,3,5,4,5,5,4,4,5,,,,,,,,,,,,,,,,,,,,,,,,,,,,,,,,,,,,,,,,,,,,,,,,,,,,,,,,,,,,,5,4.666666667,4.666666667,4.5,4.6,4.666666667,4.333333333,4.25,-0.4,0,-0.333333333,-0.25,,,,,,,,,
120,Learner,2022-2023,Male,6,Black,Githens Middle School,Durham,27707-9109,Water,No,100,4,5,5,5,5,5,5,5,5,5,5,5,4,5,5,4,5,5,5,5,5,5,5,,,,,,,5,5,3,5,5,5,5,5,5,5,5,5,5,5,5,5,5,5,5,5,5,5,5,,,,,,,,,,,,,,,,,,,,,,,,,,,,,,,,,,,,,,,,,,,,,,,,,,,,,,,,,,,,,4.6,4.916666667,5,4.5,5,4.833333333,5,5,0.4,-0.083333333,0,0.5,,,,,,,,,
116,Learner,2022-2023,Female,6,Black,Ligon Middle school,Raleigh,27613,Water,No,100,4,3,2,2,3,2,2,3,2,4,4,4,3,2,2,3,3,,2,2,4,3,4,,,,,,,4,4,1,1,3,2,2,3,2,4,4,4,1,1,2,4,2,3,4,4,3,3,3,,,,,,,,,,,,,,,,,,,,,,,,,,,,,,,,,,,,,,,,,,,,,,,,,,,,,,,,,,,,,3.2,2.833333333,2.5,3.5,2.6,2.5,2.666666667,3.25,-0.6,-0.333333333,0.166666667,-0.25,,,,,,,,,
93,Learner,2022-2023,Male,6,Black,Durham School of Arts (DSA),Durham,27703,Light,No,85.71428571,4,4,2,2,4,4,2,4,4,3,4,4,4,4,3,3,4,4,4,5,4,5,4,,,,,,,4,4,4,2,4,5,3,4,5,3,4,4,4,4,4,5,4,4,4,5,5,4,5,,,,,,,,,,,,,,,,,,,,,,,,,,,,,,,,,,,,,,,,,,,,,,,,,,,,,,,,,,,,,3.8,3.583333333,3.333333333,3.75,4,3.916666667,3.666666667,4.25,0.2,0.333333333,0.333333333,0.5,,,,,,,,,
87,Learner,2022-2023,Male,8,White,Central Park School for Children,Durham,27705,Light,No,100,4,5,4,5,4,4,4,5,5,5,4,5,4,5,4,4,4,4,5,5,4,4,4,,,,,,,4,4,5,5,5,5,5,4,5,5,4,4,4,5,4,4,4,4,5,5,4,4,4,,,,,,,,,,,,,,,,,,,,,,,,,,,,,,,,,,,,,,,,,,,,,,,,,,,,,,,,,,,,,4.2,4.583333333,4.333333333,4.25,4,4.583333333,4.333333333,4,-0.2,0,0,-0.25,,,,,,,,,
86,Learner,2022-2023,Female,8,"Hispanic, Latino, or Spanish origin",Central Park,Durahm,27704,Light,No,71.42857143,3,4,5,4,4,4,4,4,5,5,4,5,5,4,5,3,4,3,4,5,5,4,4,,,,,,,4,5,5,4,4,5,4,5,5,4,4,4,5,4,4,4,5,5,4,5,4,4,5,,,,,,,,,,,,,,,,,,,,,,,,,,,,,,,,,,,,,,,,,,,,,,,,,,,,,,,,,,,,,4.4,4.416666667,3.666666667,4.25,4.4,4.5,4.666666667,4.25,0,0.083333333,1,0,,,,,,,,,
110,Learner,2022-2023,Male,8,White,Githens,Durham,27707,Water,No,Dropped,4,4,3,4,3,4,3,5,4,4,4,3,4,4,5,4,3,4,4,5,4,3,3,,,,,,,,,,,,,,,,,,,,,,,,,,,,,,,,,,,,,,,,,,,,,,,,,,,,,,,,,,,,,,,,,,,,,,,,,,,,,,,,,,,,,,,,,,3.8,3.833333333,4,3.75,,,,,,,,,,,,,,,,,
97,Learner,2022-2023,Male,6,White,Central Park School for Children,Durham,27707,Light,No,57.14285714,4,4,3,4,4,3,4,3,4,4,3,3,2,4,3,3,3,4,3,3,4,3,4,,,,,,,2,3,1,4,3,2,4,2,3,4,3,1,1,3,2,2,2,2,3,3,4,3,3,,,,,,,,,,,,,,,,,,,,,,,,,,,,,,,,,,,,,,,,,,,,,,,,,,,,,,,,,,,,,3,3.416666667,3.666666667,2.75,1.6,2.5,2.666666667,1.75,-1.4,-0.916666667,-1,-1,,,,,,,,,
98,Learner,2022-2023,Male,8,White,Central Park School For Children,Durham,27705,Light,No,Dropped,4,4,3,2,5,4,4,4,5,4,4,5,4,3,4,4,4,5,5,4,3,4,4,,,,,,,,,,,,,,,,,,,,,,,,,,,,,,,,,,,,,,,,,,,,,,,,,,,,,,,,,,,,,,,,,,,,,,,,,,,,,,,,,,,,,,,,,,4.2,3.916666667,4.333333333,4.25,,,,,,,,,,,,,,,,,
131,Learner,2022-2023,Male,6,Black,Neal Middle,Durham,27703,Health,No,100,4,4,3,4,5,4,4,4,4,4,5,4,5,4,4,4,4,4,4,4,4,4,4,,,,,,,5,4,3,3,5,4,4,3,4,4,4,4,4,4,4,4,4,4,4,4,4,4,4,,,,,,,,,,,,,,,,,,,,,,,,,,,,,,,,,,,,,,,,,,,,,,,,,,,,,,,,,,,,,4.2,4.166666667,4,4.5,4.2,3.833333333,3.666666667,4,0,-0.333333333,-0.333333333,-0.5,,,,,,,,,
112,Learner,2022-2023,Male,6,Asian,Immaculata Catholic School,Durham,27707,Water,No,85.71428571,4,4,3,4,4,3,4,3,3,5,4,4,5,5,4,3,4,3,4,4,5,3,4,,,,,,,4,4,3,3,4,4,4,4,4,4,2,4,4,4,4,3,4,4,4,4,3,3,4,,,,,,,,,,,,,,,,,,,,,,,,,,,,,,,,,,,,,,,,,,,,,,,,,,,,,,,,,,,,,4.2,3.916666667,3.333333333,4,4,3.666666667,4,3.25,-0.2,-0.25,0.666666667,-0.75,,,,,,,,,
115,Learner,2022-2023,Female,7,Black,Excelsior Classical Academy,Durham,27705,Water,No,100,4,4,2,3,4,4,3,4,4,3,4,4,4,3,4,3,4,4,4,5,4,4,4,,,,,,,4,4,2,1,4,3,2,4,3,3,4,4,4,4,4,4,4,4,3,3,3,3,4,,,,,,,,,,,,,,,,,,,,,,,,,,,,,,,,,,,,,,,,,,,,,,,,,,,,,,,,,,,,,4,3.583333333,3.666666667,3.75,4,3.333333333,3.333333333,4,0,-0.25,-0.333333333,0.25,,,,,,,,,
69,Learner,2022-2023,Female,7,White,Noble Middle School,Wilmington,28405,Light,No,85.71428571,4,4,3,3,5,5,5,4,4,5,4,5,4,5,5,4,4,5,4,5,5,4,4,,,,,,,5,4,4,4,5,5,5,5,5,4,4,5,4,4,4,5,4,5,4,5,5,5,4,,,,,,,,,,,,,,,,,,,,,,,,,,,,,,,,,,,,,,,,,,,,,,,,,,,,,,,,,,,,,4.4,4.25,4.666666667,4.25,4.4,4.416666667,5,4.5,0,0.166666667,0.333333333,0.25,,,,,,,,,
135,Learner,2022-2023,Female,7,Black,Sherwood Githens,Durham,27707,Health,No,Dropped,,,,,,,,,,,,,,,,,,,,,,,,,,,,,,,,,,,,,,,,,,,,,,,,,,,,,,,,,,,,,,,,,,,,,,,,,,,,,,,,,,,,,,,,,,,,,,,,,,,,,,,,,,,,,,,,,,,,,,,,,,,,,,,,,,,,,
91,Learner,2022-2023,Male,8,White,Sherwood Githens Middle,Durham,27707,Light,No,100,4,4,4,4,4,4,4,5,5,5,5,5,4,5,4,5,4,4,4,5,4,4,4,,,,,,,5,5,5,5,5,4,4,5,5,5,5,5,4,5,5,4,4,4,5,5,4,4,4,,,,,,,,,,,,,,,,,,,,,,,,,,,,,,,,,,,,,,,,,,,,,,,,,,,,,,,,,,,,,4.2,4.5,4.333333333,4.75,4.6,4.833333333,4.333333333,4.5,0.4,0.333333333,0,-0.25,,,,,,,,,
109,Learner,2022-2023,Female,6,Mixed Race,Rogers-Herr,Durham,27703,Water,No,85.71428571,3,3,4,1,4,2,3,4,3,5,5,5,5,5,5,5,5,5,3,4,4,4,5,,,,,,,3,4,2,2,5,4,4,5,5,5,5,5,4,4,4,4,3,4,4,3,5,3,4,,,,,,,,,,,,,,,,,,,,,,,,,,,,,,,,,,,,,,,,,,,,,,,,,,,,,,,,,,,,,4.6,3.833333333,4,5,3.8,4.166666667,4.333333333,4.5,-0.8,0.333333333,0.333333333,-0.5,,,,,,,,,
111,Learner,2022-2023,Female,7,White,Excelsior Classical Academy,Durham,27701,Water,No,100,4,4,5,5,4,4,4,3,5,5,4,5,5,5,4,4,4,5,4,4,4,4,4,,,,,,,4,4,5,5,4,5,5,3,4,5,5,5,5,5,4,4,4,4,4,4,5,4,4,,,,,,,,,,,,,,,,,,,,,,,,,,,,,,,,,,,,,,,,,,,,,,,,,,,,,,,,,,,,,4.4,4.5,4,4.5,4.4,4.583333333,4,4.75,0,0.083333333,0,0.25,,,,,,,,,
123,Learner,2022-2023,Male,7,"Hispanic, Latino, or Spanish origin",GITHENS elementary,Durham,27707,Health,No,100,4,2,4,3,4,4,3,3,3,3,5,4,4,3,4,3,4,3,4,4,5,4,3,,,,,,,4,2,4,1,4,4,2,4,4,3,4,4,3,2,4,4,4,3,4,3,4,4,3,,,,,,,,,,,,,,,,,,,,,,,,,,,,,,,,,,,,,,,,,,,,,,,,,,,,,,,,,,,,,4,3.5,3,4,3.8,3.25,3,3.75,-0.2,-0.25,0,-0.25,,,,,,,,,
128,Learner,2022-2023,Female,8,White,Margaret Pollard Middle School,Chapel Hill,27517,Health,No,57.14285714,4,4,2,1,4,3,1,1,1,1,4,4,4,3,2,2,4,4,4,4,4,4,4,,,,,,,4,4,3,1,4,3,1,4,2,1,4,4,4,3,4,4,4,4,4,4,4,4,4,,,,,,,,,,,,,,,,,,,,,,,,,,,,,,,,,,,,,,,,,,,,,,,,,,,,,,,,,,,,,3.6,2.666666667,2,3.5,4,3.083333333,3,4,0.4,0.416666667,1,0.5,,,,,,,,,
94,Learner,2022-2023,Female,6,Asian,Mills Park Middle,Cary,27519,Light,No,100,4,3,2,,5,5,5,5,5,5,5,4,4,5,4,5,5,4,3,5,4,5,5,,,,,,,4,3,2,3,5,5,5,4,4,5,4,4,4,5,4,4,3,3,4,5,5,4,4,,,,,,,,,,,,,,,,,,,,,,,,,,,,,,,,,,,,,,,,,,,,,,,,,,,,,,,,,,,,,4.2,4.363636364,4.666666667,4.5,3.8,4,4,4,-0.4,-0.363636364,-0.666666667,-0.5,,,,,,,,,
138,Learner,2022-2023,Female,7,Asian,Triangle Math and Science Academy,Apex,27523,Health,No,100,4,5,4,4,4,5,5,4,4,5,5,5,4,5,4,4,5,4,4,4,5,4,4,,,,,,,5,5,5,4,5,5,5,5,5,5,5,5,5,5,4,5,5,5,5,5,5,5,5,,,,,,,,,,,,,,,,,,,,,,,,,,,,,,,,,,,,,,,,,,,,,,,,,,,,,,,,,,,,,4.4,4.5,4.333333333,4.5,4.8,4.916666667,5,5,0.4,0.416666667,0.666666667,0.5,,,,,,,,,
90,Learner,2022-2023,Male,6,White,Githens Middle School,Durham,27713,Light,No,71.42857143,4,5,3,4,4,3,4,5,5,5,4,5,4,4,4,5,5,4,5,5,5,4,4,,,,,,,5,5,3,5,4,4,4,5,4,5,5,5,4,4,4,4,4,5,5,5,4,4,4,,,,,,,,,,,,,,,,,,,,,,,,,,,,,,,,,,,,,,,,,,,,,,,,,,,,,,,,,,,,,4.4,4.25,4.333333333,4.5,4.4,4.416666667,4.666666667,4.5,0,0.166666667,0.333333333,0,,,,,,,,,
113,Learner,2022-2023,Female,7,White,Brogden Middle School,Durham,27701,Water,No,85.71428571,5,5,5,4,4,5,5,4,5,5,4,5,5,5,4,4,5,4,4,4,4,4,4,,,,,,,4,4,4,4,4,4,4,4,4,4,4,4,4,4,4,4,4,4,4,4,4,3,4,,,,,,,,,,,,,,,,,,,,,,,,,,,,,,,,,,,,,,,,,,,,,,,,,,,,,,,,,,,,,4.8,4.666666667,4.333333333,4.5,4,4,4,4,-0.8,-0.666666667,-0.333333333,-0.5,,,,,,,,,
107,Learner,2022-2023,Female,6,White,Durham School of the Arts,Durham,27713,Water,No,85.71428571,4,4,3,3,4,3,3,4,3,4,4,4,4,4,4,4,4,4,4,4,4,4,4,,,,,,,5,4,3,3,4,4,3,4,4,4,4,4,4,3,4,4,3,4,4,4,4,3,4,,,,,,,,,,,,,,,,,,,,,,,,,,,,,,,,,,,,,,,,,,,,,,,,,,,,,,,,,,,,,4,3.666666667,3.666666667,4,4,3.75,3.666666667,4,0,0.083333333,0,0,,,,,,,,,
132,Learner,2022-2023,Female,8,White,Voyager Academy,Durham,27712,Health,No,100,4,2,2,1,3,2,3,1,2,3,3,4,4,3,3,3,3,4,3,4,3,4,4,,,,,,,,,,,,,,,,,,,,,,,,,,,,,,,,,,,,,,,,,,,,,,,,,,,,,,,,,,,,,,,,,,,,,,,,,,,,,,,,,,,,,,,,,,3.6,2.5,2.666666667,3.5,,,,,,,,,,,,,,,,,
95,Learner,2022-2023,Female,6,White,Githens,Durham,27713,Light,No,71.42857143,5,4,4,3,4,4,4,2,4,4,4,4,4,4,2,3,4,4,4,4,4,4,4,,,,,,,5,4,4,4,5,5,5,5,5,5,5,5,5,5,5,5,5,5,5,5,5,5,5,,,,,,,,,,,,,,,,,,,,,,,,,,,,,,,,,,,,,,,,,,,,,,,,,,,,,,,,,,,,,3.8,3.75,3.333333333,3.75,5,4.75,5,5,1.2,1,1.666666667,1.25,,,,,,,,,
96,Learner,2022-2023,Male,6,Black,The Blake Academy,Cary,27519,Light,No,100,4,4,3,3,3,4,3,5,5,4,4,5,4,4,3,4,4,5,4,4,4,4,4,,,,,,,4,5,4,4,5,4,3,5,5,4,4,4,3,4,4,4,4,4,4,4,4,4,4,,,,,,,,,,,,,,,,,,,,,,,,,,,,,,,,,,,,,,,,,,,,,,,,,,,,,,,,,,,,,4,4,4.333333333,4.25,3.8,4.25,4,3.75,-0.2,0.25,-0.333333333,-0.5,,,,,,,,,
137,Learner,2022-2023,Female,7,Asian,Durham Academy,Durham,27707,Health,No,100,4,5,2,2,3,3,3,3,3,4,4,4,4,4,3,4,4,4,3,4,4,4,4,,,,,,,4,4,2,2,4,4,4,4,4,4,4,4,4,4,4,4,4,4,4,4,4,4,4,,,,,,,,,,,,,,,,,,,,,,,,,,,,,,,,,,,,,,,,,,,,,,,,,,,,,,,,,,,,,3.8,3.416666667,3.333333333,4,4,3.666666667,4,4,0.2,0.25,0.666666667,0,,,,,,,,,
118,Learner,2022-2023,Female,6,Black,The Blake Academy,"Cary, NC",27519,Water,No,100,5,3,3,2,4,3,3,4,3,4,4,4,5,3,4,4,5,4,4,4,4,4,4,,,,,,,4,3,3,2,3,3,3,3,3,4,4,4,4,3,4,4,4,4,3,4,4,4,4,,,,,,,,,,,,,,,,,,,,,,,,,,,,,,,,,,,,,,,,,,,,,,,,,,,,,,,,,,,,,4.6,3.5,3.666666667,4.25,4,3.25,3.333333333,4,-0.6,-0.25,-0.333333333,-0.25,,,,,,,,,
105,Learner,2022-2023,Female,7,Black,Brogden middle school,Durham,27701,Water,No,Dropped,5,4,4,4,4,4,4,5,5,5,5,5,5,5,5,4,5,5,5,5,5,5,4,,,,,,,,,,,,,,,,,,,,,,,,,,,,,,,,,,,,,,,,,,,,,,,,,,,,,,,,,,,,,,,,,,,,,,,,,,,,,,,,,,,,,,,,,,5,4.583333333,4.666666667,4.75,,,,,,,,,,,,,,,,,
139,Learner,2022-2023,Female,6,"Hispanic, Latino, or Spanish origin",Butner-Stem Middle School,Butner,27509,Health,No,57.14285714,4,2,1,1,4,4,3,5,5,4,5,3,3,4,4,3,3,4,4,4,3,2,4,,,,,,,5,4,4,1,5,5,4,5,5,4,5,4,4,5,5,4,4,4,4,5,2,4,5,,,,,,,,,,,,,,,,,,,,,,,,,,,,,,,,,,,,,,,,,,,,,,,,,,,,,,,,,,,,,3.4,3.416666667,4,3.5,4.4,4.25,4.333333333,4.25,1,0.833333333,0.333333333,0.75,,,,,,,,,
92,Learner,2022-2023,Male,7,Asian,Carnage Magnet Middle School,Raleigh,27519,Light,No,100,5,4,3,2,5,4,4,5,4,5,5,4,3,5,5,4,4,5,4,4,3,2,5,,,,,,,5,4,3,4,5,5,5,4,4,5,4,5,5,5,5,4,4,4,3,4,4,4,4,,,,,,,,,,,,,,,,,,,,,,,,,,,,,,,,,,,,,,,,,,,,,,,,,,,,,,,,,,,,,4.2,4.083333333,4.666666667,4,4.8,4.416666667,4.333333333,4.5,0.6,0.333333333,-0.333333333,0.5,,,,,,,,,
129,Learner,2022-2023,Female,6,White,Rogers-Herr Middle School,Durham,27707,Health,No,100,4,4,3,2,4,4,4,4,4,5,4,4,4,3,4,3,4,4,4,4,4,4,3,,,,,,,5,4,4,4,5,5,4,4,4,5,5,5,4,4,4,5,4,5,4,4,4,4,4,,,,,,,,,,,,,,,,,,,,,,,,,,,,,,,,,,,,,,,,,,,,,,,,,,,,,,,,,,,,,4,3.75,4,3.75,4.4,4.416666667,4.333333333,4.75,0.4,0.666666667,0.333333333,1,,,,,,,,,
88,Learner,2022-2023,Male,6,"Hispanic, Latino, or Spanish origin",Lowes Grove Middle School,Durham,27713,Light,No,85.71428571,,,,,,,,,,,,,,,,,,,,,,,,,,,,,,5,5,4,5,5,5,5,4,5,5,5,5,5,5,5,5,5,5,5,5,5,5,5,,,,,,,,,,,,,,,,,,,,,,,,,,,,,,,,,,,,,,,,,,,,,,,,,,,,,,,,,,,,,,,,,5,4.833333333,4.666666667,5,,,,,,,,,,,,,
89,Learner,2022-2023,Male,7,White,Central Park School for Children,Durham,27713,Light,No,100,4,4,4,4,3,3,2,4,4,4,4,4,3,4,3,4,3,4,3,4,4,3,3,,,,,,,4,5,4,4,4,3,3,4,5,4,4,4,3,4,4,4,3,4,5,5,4,4,4,,,,,,,,,,,,,,,,,,,,,,,,,,,,,,,,,,,,,,,,,,,,,,,,,,,,,,,,,,,,,3.4,3.75,3.333333333,3.75,3.6,4,3.666666667,3.75,0.2,0.25,0.333333333,0,,,,,,,,,
44,Learner,2021-2022,Male,6,Asian,Rogers Herr Year Round Middle School,,,Water,No,Dropped,4,4,3,3,4,4,5,4,4,4,4,5,4,3,4,4,4,4,,,,,,,,,,,,,,,,,,,,,,,,,,,,,,,,,,,,,,,,,,,,,,,,,,,,,,,,,,,,,,,,,,,,,,,,,,,,,,,,,,,,,,,,,,,,,,,4.2,3.833333333,4.333333333,4.25,,,,,,,,,,,,,,,,,
46,Learner,2021-2022,Female,8,Black,The School for Creative Studies,,,Water,No,Dropped,4,5,4,4,4,4,2,4,5,5,5,5,4,5,4,4,3,4,,,,,,,,,,,,,,,,,,,,,,,,,,,,,,,,,,,,,,,,,,,,,,,,,,,,,,,,,,,,,,,,,,,,,,,,,,,,,,,,,,,,,,,,,,,,,,,4,4.5,3.333333333,4.5,,,,,,,,,,,,,,,,,
45,Learner,2021-2023,Female,8,White,Ravenscroft,,,Health,No,100,5,5,5,4,5,5,5,5,5,5,5,4,4,5,5,4,4,4,,,,,,,,,,,,,,,,,,,,,,,,,,,,,,,,,,,,,,,,,,,,,,,,,,,,,,,,,,,,,,,,,,,,,,,,,,,,,,,,,,,,,,,,,,,,,,,4.4,4.75,4.666666667,4.25,,,,,,,,,,,,,,,,,
47,Learner,2021-2024,Male,5th,Black,Homeschool,,,Health,No,Dropped,,,,,,,,,,,,,,,,,,,,,,,,,,,,,,,,,,,,,,,,,,,,,,,,,,,,,,,,,,,,,,,,,,,,,,,,,,,,,,,,,,,,,,,,,,,,,,,,,,,,,,,,,,,,,,,,,,,,,,,,,,,,,,,,,,,,,
48,Learner,2021-2025,Female,8,Asian,Davis Drive MS,,,Water,No,100,4,4,4,3,3,3,3,2,3,3,4,4,3,3,2,3,4,4,,,,,,,,,,,,,,,,,,,,,,,,,,,,,,,,,,,,,,,,,,,,,,,,,,,,,,,,,,,,,,,,,,,,,,,,,,,,,,,,,,,,,,,,,,,,,,,3.4,3.25,3,3.5,,,,,,,,,,,,,,,,,
49,Learner,2021-2026,Female,7,"Hispanic, Latino or Spanish orign",Durham School of the Arts,,,Light,No,85.71428571,,,,,,,,,,,,,,,,,,,,,,,,,,,,,,,,,,,,,,,,,,,,,,,,,,,,,,,,,,,,,,,,,,,,,,,,,,,,,,,,,,,,,,,,,,,,,,,,,,,,,,,,,,,,,,,,,,,,,,,,,,,,,,,,,,,,,
50,Learner,2021-2027,Female,8,Asian,Davis Drive MS,,,Water,No,100,5,2,3,1,4,5,4,5,5,4,5,5,5,4,5,5,5,2,,,,,,,,,,,,,,,,,,,,,,,,,,,,,,,,,,,,,,,,,,,,,,,,,,,,,,,,,,,,,,,,,,,,,,,,,,,,,,,,,,,,,,,,,,,,,,,5,4,3.666666667,5,,,,,,,,,,,,,,,,,
51,Learner,2021-2028,Male,8,"Asian,White",Voyager Academy,,,Light,No,100,5,4,3,4,4,4,4,4,4,5,5,5,4,4,4,4,5,4,,,,,,,,,,,,,,,,,,,,,,,,,,,,,,,,,,,,,,,,,,,,,,,,,,,,,,,,,,,,,,,,,,,,,,,,,,,,,,,,,,,,,,,,,,,,,,,4.6,4.166666667,4,4.5,,,,,,,,,,,,,,,,,
52,Learner,2021-2029,Female,8,Asian,Cary Academy,,,Health,No,Dropped,5,5,4,3,5,5,5,2,4,5,5,5,4,5,4,4,4,4,,,,,,,,,,,,,,,,,,,,,,,,,,,,,,,,,,,,,,,,,,,,,,,,,,,,,,,,,,,,,,,,,,,,,,,,,,,,,,,,,,,,,,,,,,,,,,,4.4,4.333333333,3.666666667,4.5,,,,,,,,,,,,,,,,,
53,Learner,2021-2030,Male,8,Asian,Salem middle school,,,Water,No,Dropped,,,,,,,,,,,,,,,,,,,,,,,,,,,,,,,,,,,,,,,,,,,,,,,,,,,,,,,,,,,,,,,,,,,,,,,,,,,,,,,,,,,,,,,,,,,,,,,,,,,,,,,,,,,,,,,,,,,,,,,,,,,,,,,,,,,,,
54,Learner,2021-2031,they/them/theirs,7,White,Ignite Online Academy,,,Light,No,Dropped,4,3,4,2,4,4,3,4,5,4,4,5,3,4,4,4,3,4,,,,,,,,,,,,,,,,,,,,,,,,,,,,,,,,,,,,,,,,,,,,,,,,,,,,,,,,,,,,,,,,,,,,,,,,,,,,,,,,,,,,,,,,,,,,,,,3.8,3.833333333,3.666666667,4,,,,,,,,,,,,,,,,,
55,Learner,2021-2032,Female,6,"Black,White",Excelsior Classical Academy,,,Health,No,Dropped,,,,,,,,,,,,,,,,,,,,,,,,,,,,,,,,,,,,,,,,,,,,,,,,,,,,,,,,,,,,,,,,,,,,,,,,,,,,,,,,,,,,,,,,,,,,,,,,,,,,,,,,,,,,,,,,,,,,,,,,,,,,,,,,,,,,,
56,Learner,2021-2033,Male,6,"Black,White",Ignite! Online academy,,,Water,No,100,4,5,5,3,3,4,3,5,4,4,3,4,4,3,4,4,3,4,,,,,,,,,,,,,,,,,,,,,,,,,,,,,,,,,,,,,,,,,,,,,,,,,,,,,,,,,,,,,,,,,,,,,,,,,,,,,,,,,,,,,,,,,,,,,,,3.8,3.916666667,4,3.75,,,,,,,,,,,,,,,,,
57,Learner,2021-2034,Male,6,White,Ignite! Online Acadey,,,Water,No,Dropped,4,4,2,2,3,2,2,4,4,4,4,3,3,3,4,3,4,5,,,,,,,,,,,,,,,,,,,,,,,,,,,,,,,,,,,,,,,,,,,,,,,,,,,,,,,,,,,,,,,,,,,,,,,,,,,,,,,,,,,,,,,,,,,,,,,3.6,3.166666667,3.666666667,3.25,,,,,,,,,,,,,,,,,
58,Learner,2021-2035,Male,6,White,Ignite! Online Acadey,,,Light,No,100,4,5,3,3,4,3,3,4,5,4,4,4,4,3,4,4,4,3,,,,,,,,,,,,,,,,,,,,,,,,,,,,,,,,,,,,,,,,,,,,,,,,,,,,,,,,,,,,,,,,,,,,,,,,,,,,,,,,,,,,,,,,,,,,,,,4,3.833333333,3.333333333,4,,,,,,,,,,,,,,,,,
59,Learner,2021-2036,Male,8,Black,The School for Creative Studies,,,Health,No,Dropped,4,4,3,4,4,4,4,2,4,5,5,5,4,5,3,3,4,4,,,,,,,,,,,,,,,,,,,,,,,,,,,,,,,,,,,,,,,,,,,,,,,,,,,,,,,,,,,,,,,,,,,,,,,,,,,,,,,,,,,,,,,,,,,,,,,4,4.083333333,3.333333333,4.25,,,,,,,,,,,,,,,,,
60,Learner,2021-2037,Male,6,"Black,Hispanic, Latino or Spanish orign,Asian,American Indian and Alaska Native,Native Hawaiian or other Pacific Islander,White",Voyager Academy,,,Health,No,Dropped,,,,,,,,,,,,,,,,,,,,,,,,,,,,,,,,,,,,,,,,,,,,,,,,,,,,,,,,,,,,,,,,,,,,,,,,,,,,,,,,,,,,,,,,,,,,,,,,,,,,,,,,,,,,,,,,,,,,,,,,,,,,,,,,,,,,,
61,Learner,2021-2038,Male,8,"Black,Hispanic, Latino or Spanish orign,Asian,American Indian and Alaska Native,Native Hawaiian or other Pacific Islander,White",Voyager Academy,,,Light,No,Dropped,,,,,,,,,,,,,,,,,,,,,,,,,,,,,,,,,,,,,,,,,,,,,,,,,,,,,,,,,,,,,,,,,,,,,,,,,,,,,,,,,,,,,,,,,,,,,,,,,,,,,,,,,,,,,,,,,,,,,,,,,,,,,,,,,,,,,
62,Learner,2021-2039,Male,7,Black,Kestrel Heights,,,Light,No,Dropped,,,,,,,,,,,,,,,,,,,,,,,,,,,,,,,,,,,,,,,,,,,,,,,,,,,,,,,,,,,,,,,,,,,,,,,,,,,,,,,,,,,,,,,,,,,,,,,,,,,,,,,,,,,,,,,,,,,,,,,,,,,,,,,,,,,,,
63,Learner,2021-2040,Male,6,Black,Smith Middle School,,,Light,No,Dropped,,,,,,,,,,,,,,,,,,,,,,,,,,,,,,,,,,,,,,,,,,,,,,,,,,,,,,,,,,,,,,,,,,,,,,,,,,,,,,,,,,,,,,,,,,,,,,,,,,,,,,,,,,,,,,,,,,,,,,,,,,,,,,,,,,,,,
64,Learner,2021-2041,Male,8,Black,Ignite! Online Acadey,,,Light,No,85.71428571,4,3,4,3,5,4,4,4,3,5,5,4,4,4,4,3,4,4,,,,,,,,,,,,,,,,,,,,,,,,,,,,,,,,,,,,,,,,,,,,,,,,,,,,,,,,,,,,,,,,,,,,,,,,,,,,,,,,,,,,,,,,,,,,,,,4,4,4,4,,,,,,,,,,,,,,,,,
65,Learner,2021-2042,Male,6,Black,Durham School of the Arts,,,Water,No,100,4,5,5,2,3,3,2,4,5,4,5,4,4,5,4,4,4,5,,,,,,,,,,,,,,,,,,,,,,,,,,,,,,,,,,,,,,,,,,,,,,,,,,,,,,,,,,,,,,,,,,,,,,,,,,,,,,,,,,,,,,,,,,,,,,,4,4.083333333,3.666666667,4.25,,,,,,,,,,,,,,,,,
66,Learner,2021-2043,Female,7,Asian,Salem Middle School,,,Health,No,85.71428571,4,5,4,3,4,3,3,4,4,4,3,4,4,4,4,4,4,4,,,,,,,,,,,,,,,,,,,,,,,,,,,,,,,,,,,,,,,,,,,,,,,,,,,,,,,,,,,,,,,,,,,,,,,,,,,,,,,,,,,,,,,,,,,,,,,4,3.833333333,3.666666667,3.75,,,,,,,,,,,,,,,,,
67,Learner,2021-2044,Male,7,White,Carrington Middle School,,,Water,No,Dropped,5,4,2,3,5,4,5,5,5,5,,5,5,5,5,5,5,5,,,,,,,,,,,,,,,,,,,,,,,,,,,,,,,,,,,,,,,,,,,,,,,,,,,,,,,,,,,,,,,,,,,,,,,,,,,,,,,,,,,,,,,,,,,,,,,5,4.363636364,5,5,,,,,,,,,,,,,,,,,
68,Learner,2021-2045,Male,6,Black,Washington Academy,,,Water,No,Dropped,,,,,,,,,,,,,,,,,,,,,,,,,,,,,,,,,,,,,,,,,,,,,,,,,,,,,,,,,,,,,,,,,,,,,,,,,,,,,,,,,,,,,,,,,,,,,,,,,,,,,,,,,,,,,,,,,,,,,,,,,,,,,,,,,,,,,
69,Learner,2021-2046,Female,6,White,Noble Middle School,,,Health,No,85.71428571,5,4,4,4,5,5,5,3,4,5,5,5,4,5,5,3,4,5,,,,,,,,,,,,,,,,,,,,,,,,,,,,,,,,,,,,,,,,,,,,,,,,,,,,,,,,,,,,,,,,,,,,,,,,,,,,,,,,,,,,,,,,,,,,,,,4.6,4.416666667,4.333333333,4.25,,,,,,,,,,,,,,,,,
70,Learner,2021-2047,Female,6,White,Homeschool,,,Water,No,100,5,4,1,2,4,4,5,4,4,4,4,4,4,4,3,3,4,4,,,,,,,,,,,,,,,,,,,,,,,,,,,,,,,,,,,,,,,,,,,,,,,,,,,,,,,,,,,,,,,,,,,,,,,,,,,,,,,,,,,,,,,,,,,,,,,4,3.583333333,4.333333333,3.75,,,,,,,,,,,,,,,,,
71,Learner,2021-2048,Male,7,Black,Homeschool,,,Water,No,100,,,,,,,,,,,,,,,,,,,,,,,,,,,,,,,,,,,,,,,,,,,,,,,,,,,,,,,,,,,,,,,,,,,,,,,,,,,,,,,,,,,,,,,,,,,,,,,,,,,,,,,,,,,,,,,,,,,,,,,,,,,,,,,,,,,,,
72,Learner,2021-2049,Female,6,White,Ignite! Online Academy,,,Water,No,100,,,,,,,,,,,,,,,,,,,,,,,,,,,,,,,,,,,,,,,,,,,,,,,,,,,,,,,,,,,,,,,,,,,,,,,,,,,,,,,,,,,,,,,,,,,,,,,,,,,,,,,,,,,,,,,,,,,,,,,,,,,,,,,,,,,,,
73,Learner,2021-2050,Male,6,Black,Excelsior Classical Academy,,,Health,No,Dropped,4,4,3,4,4,4,5,2,4,5,5,5,4,5,3,3,4,4,,,,,,,,,,,,,,,,,,,,,,,,,,,,,,,,,,,,,,,,,,,,,,,,,,,,,,,,,,,,,,,,,,,,,,,,,,,,,,,,,,,,,,,,,,,,,,,4,4.083333333,3.666666667,4.25,,,,,,,,,,,,,,,,,
74,Learner,2021-2051,Male,8,Black,Ignite! Online Academy,,,Light,No,Dropped,4,4,4,3,5,5,4,5,5,5,5,5,4,4,5,4,5,4,,,,,,,,,,,,,,,,,,,,,,,,,,,,,,,,,,,,,,,,,,,,,,,,,,,,,,,,,,,,,,,,,,,,,,,,,,,,,,,,,,,,,,,,,,,,,,,4.6,4.5,4.333333333,4.5,,,,,,,,,,,,,,,,,
75,Learner,2021-2052,Female,8,White,Gateway Virual Academy,,,Water,No,Dropped,5,3,4,3,5,4,4,1,1,5,3,5,5,5,5,4,5,5,,,,,,,,,,,,,,,,,,,,,,,,,,,,,,,,,,,,,,,,,,,,,,,,,,,,,,,,,,,,,,,,,,,,,,,,,,,,,,,,,,,,,,,,,,,,,,,5,3.666666667,3.333333333,4.25,,,,,,,,,,,,,,,,,
76,Learner,2021-2053,Male,7,"Black,Hispanic, Latino or Spanish orign",Ignite! Online Academy,,,Light,No,100,3,5,5,4,5,5,5,2,5,4,2,4,5,5,3,2,4,4,,,,,,,,,,,,,,,,,,,,,,,,,,,,,,,,,,,,,,,,,,,,,,,,,,,,,,,,,,,,,,,,,,,,,,,,,,,,,,,,,,,,,,,,,,,,,,,3.8,4.25,3.666666667,3.25,,,,,,,,,,,,,,,,,
77,Learner,2021-2054,Female,8,Asian,Mills Park Middle School,,,Health,No,100,4,4,2,2,4,5,5,3,3,5,5,5,5,5,3,4,5,4,,,,,,,,,,,,,,,,,,,,,,,,,,,,,,,,,,,,,,,,,,,,,,,,,,,,,,,,,,,,,,,,,,,,,,,,,,,,,,,,,,,,,,,,,,,,,,,4.4,4,4,4.75,,,,,,,,,,,,,,,,,
78,Learner,2021-2055,Male,7,White,Ignite! Online Academy,,,Water,No,Dropped,,,,,,,,,,,,,,,,,,,,,,,,,,,,,,,,,,,,,,,,,,,,,,,,,,,,,,,,,,,,,,,,,,,,,,,,,,,,,,,,,,,,,,,,,,,,,,,,,,,,,,,,,,,,,,,,,,,,,,,,,,,,,,,,,,,,,
79,Learner,2021-2056,Male,6,White,The Expedition School,,,Light,No,Dropped,,,,,,,,,,,,,,,,,,,,,,,,,,,,,,,,,,,,,,,,,,,,,,,,,,,,,,,,,,,,,,,,,,,,,,,,,,,,,,,,,,,,,,,,,,,,,,,,,,,,,,,,,,,,,,,,,,,,,,,,,,,,,,,,,,,,,
80,Learner,2021-2057,Female,8,Asian,Durham Academy,,,Health,No,Dropped,5,1,2,1,4,4,5,3,4,5,5,3,4,4,4,4,4,4,,,,,,,,,,,,,,,,,,,,,,,,,,,,,,,,,,,,,,,,,,,,,,,,,,,,,,,,,,,,,,,,,,,,,,,,,,,,,,,,,,,,,,,,,,,,,,,4,3.333333333,4,4,,,,,,,,,,,,,,,,,
81,Learner,2021-2058,Male,8,White,Leesville Road Middle School,,,Light,No,Dropped,4,5,3,2,3,4,2,5,4,4,5,4,5,4,5,3,5,4,,,,,,,,,,,,,,,,,,,,,,,,,,,,,,,,,,,,,,,,,,,,,,,,,,,,,,,,,,,,,,,,,,,,,,,,,,,,,,,,,,,,,,,,,,,,,,,4.6,4,3.666666667,4.25,,,,,,,,,,,,,,,,,
82,Learner,2021-2059,Female,7,Asian,Mills Park Middle,,,Light,No,71.42857143,3,4,3,2,4,4,3,2,4,4,3,4,4,3,2,2,3,2,,,,,,,,,,,,,,,,,,,,,,,,,,,,,,,,,,,,,,,,,,,,,,,,,,,,,,,,,,,,,,,,,,,,,,,,,,,,,,,,,,,,,,,,,,,,,,,3.2,3.416666667,2.333333333,3.25,,,,,,,,,,,,,,,,,
83,Learner,2021-2060,Female,7,White,Ignite! Online Academy,,,Health,No,Dropped,4,4,3,2,4,4,3,4,4,4,4,4,4,4,3,4,4,4,,,,,,,,,,,,,,,,,,,,,,,,,,,,,,,,,,,,,,,,,,,,,,,,,,,,,,,,,,,,,,,,,,,,,,,,,,,,,,,,,,,,,,,,,,,,,,,3.8,3.75,3.666666667,4,,,,,,,,,,,,,,,,,
84,Learner,2021-2061,Male,8,Black,Ignite! Online Academy,,,Light,No,Dropped,,,,,,,,,,,,,,,,,,,,,,,,,,,,,,,,,,,,,,,,,,,,,,,,,,,,,,,,,,,,,,,,,,,,,,,,,,,,,,,,,,,,,,,,,,,,,,,,,,,,,,,,,,,,,,,,,,,,,,,,,,,,,,,,,,,,,
85,Learner,2021-2062,Male,6,Black,Ignite! Online Academy,,,Health,No,100,3,4,4,2,2,3,1,3,3,3,3,4,4,3,3,2,3,3,,,,,,,,,,,,,,,,,,,,,,,,,,,,,,,,,,,,,,,,,,,,,,,,,,,,,,,,,,,,,,,,,,,,,,,,,,,,,,,,,,,,,,,,,,,,,,,3.4,3.166666667,2.333333333,3.25,,,,,,,,,,,,,,,,,
217,Maker,2023-2024,Female,9,Asian,Charter,"Cary, NC",27519,Maker,No,,4,4,4,3,4,5,5,4,4,5,5,5,5,5,4,4,5,5,,,,,,,,,,,,4,4,4,3,4,5,5,4,4,4,5,4,5,5,4,4,5,4,,,,,,,,,,,,80,80,80,90,90,90,80,90,90,90,90,90,90,90,90,90,90,90,10,0,20,10,10,0,10,20,10,70,80,80,80,80,80,80,80,80,80,90,90,80,80,80,80,80,80,40,30,30,40,40,40,40,50,40,4.6,4.416666667,4.666666667,4.75,4.4,4.25,4.333333333,4.5,-0.2,-0.166666667,-0.333333333,-0.25,85.55555556,90,10,78.88888889,82.22222222,38.88888889,-6.666666667,-7.777777778,-28.88888889
201,Maker,2023-2024,Female,10,Asian,Public,"Cary, NC",27513,Maker,No,,4,4,5,4,4,5,5,4,4,4,4,4,4,4,4,4,4,4,,,,,,,,,,,,,,,,,,,,,,,,,,,,,,,,,,,,,,,,,80,70,80,80,80,80,80,70,80,80,80,90,80,80,80,80,80,80,50,60,50,50,60,50,50,70,50,NA,NA,NA,NA,NA,NA,NA,NA,NA,NA,NA,NA,NA,NA,NA,NA,NA,NA,NA,NA,NA,NA,NA,NA,NA,NA,NA,4,4.166666667,4.333333333,4,,,,,,,,,77.77777778,81.11111111,54.44444444,,,,,,
219,Maker,2023-2024,Female,11,Asian,Charter,"Cary, NC",27519,Maker,No,,5,4,4,4,5,5,5,5,5,5,5,5,5,5,4,5,5,4,,,,,,,,,,,,5,4,5,4,5,5,5,5,5,5,5,5,5,5,5,4,5,5,,,,,,,,,,,,80,80,90,70,70,80,60,90,70,100,90,100,100,90,100,100,90,90,10,30,10,70,80,90,90,100,20,90,90,80,80,90,80,80,80,80,90,90,80,90,80,90,100,70,100,60,30,20,30,50,60,20,70,40,4.8,4.75,4.666666667,5,5,4.833333333,5,4.75,0.2,0.083333333,0.333333333,-0.25,76.66666667,95.55555556,55.55555556,83.33333333,87.77777778,42.22222222,6.666666667,-7.777777778,13.33333333
202,Maker,2023-2024,Female,10,Asian,Public,"Cary, NC",27519,Maker,No,,5,5,5,4,5,5,5,5,5,5,5,5,5,5,5,5,5,5,,,,,,,,,,,,5,5,5,4,5,5,5,3,3,5,5,5,5,5,5,5,5,5,,,,,,,,,,,,100,100,100,80,100,80,100,100,100,100,100,100,100,100,100,100,100,100,0,0,0,20,0,20,0,0,0,80,100,100,80,100,80,100,100,90,100,100,100,100,100,100,100,100,100,0,0,0,0,0,50,0,0,0,5,4.916666667,5,5,5,4.583333333,4.333333333,5,0,-0.333333333,-0.666666667,0,95.55555556,100,4.444444444,92.22222222,100,5.555555556,-3.333333333,0,-1.111111111
203,Maker,2023-2024,Female,11,Asian,Public,"Frisco, NC",75035,Maker,No,,5,5,5,4,5,5,5,4,5,5,5,5,5,5,4,5,5,5,,,,,,,,,,,,5,5,5,4,5,5,5,5,5,5,5,5,5,5,5,5,5,5,,,,,,,,,,,,90,100,100,70,80,70,60,90,80,100,100,100,100,100,100,100,100,100,10,0,20,50,20,60,80,10,30,70,90,90,70,80,70,50,100,80,100,100,100,90,100,100,100,100,100,20,10,0,40,20,40,70,10,20,4.8,4.833333333,4.666666667,5,5,4.916666667,5,5,0.2,0.083333333,0.333333333,0,82.22222222,100,31.11111111,77.77777778,98.88888889,25.55555556,-4.444444444,-1.111111111,5.555555556
224,Maker,2023-2024,Female,11,Asian,Public,"Cary, NC",27519,Maker,No,,5,5,5,5,5,5,5,5,5,5,5,5,5,5,5,5,5,5,,,,,,,,,,,,5,5,5,5,5,5,5,5,5,5,5,5,5,5,5,5,5,5,,,,,,,,,,,,30,100,100,100,100,80,100,100,100,100,100,100,100,100,100,100,100,100,0,0,0,0,0,0,0,0,0,100,100,100,100,100,100,90,100,100,100,100,100,100,100,100,100,100,100,20,10,10,20,0,20,10,0,0,5,5,5,5,5,5,5,5,0,0,0,0,90,100,0,98.88888889,100,10,8.888888889,0,-10
222,Maker,2023-2024,Female,9,Asian,Public,"Apex, NC",27523,Maker,No,,4,4,4,4,4,4,4,4,5,4,4,4,5,5,4,5,5,5,,,,,,,,,,,,4,4,4,3,4,4,3,4,4,4,4,4,4,4,4,4,4,4,,,,,,,,,,,,80,80,90,80,80,80,90,80,90,80,90,80,90,90,80,90,90,90,20,30,30,20,20,30,20,20,30,80,70,90,80,90,80,80,80,90,80,80,70,80,80,90,80,80,90,30,40,40,30,30,30,20,30,20,4.4,4.25,4.333333333,4.5,4,3.916666667,3.666666667,4,-0.4,-0.333333333,-0.666666667,-0.5,83.33333333,86.66666667,24.44444444,82.22222222,81.11111111,30,-1.111111111,-5.555555556,-5.555555556
211,Maker,2023-2024,Male,9,Asian,Public,"Cedar Falls, IA",50613,Maker,No,,5,5,5,5,5,5,5,4,5,5,5,5,5,5,5,5,5,5,,,,,,,,,,,,5,5,5,5,5,5,4,4,5,5,5,5,5,5,5,5,5,5,,,,,,,,,,,,90,100,100,100,100,90,100,90,100,100,100,100,100,100,100,100,100,100,10,0,0,0,0,0,0,20,0,100,100,100,100,90,100,100,100,100,100,100,100,100,100,100,100,100,100,20,0,10,0,20,10,0,10,0,5,4.916666667,4.666666667,5,5,4.916666667,4.333333333,5,0,0,-0.333333333,0,96.66666667,100,3.333333333,98.88888889,100,7.777777778,2.222222222,0,-4.444444444
213,Maker,2023-2024,Female,11,White,Public,"Raleigh, NC",27614,Maker,No,,5,5,5,5,5,5,5,4,5,5,5,5,5,5,3,3,5,4,,,,,,,,,,,,5,5,5,5,5,5,5,5,5,5,5,5,5,5,5,5,5,5,,,,,,,,,,,,10,60,50,30,30,0,0,50,30,100,100,100,100,100,100,100,100,100,100,50,70,100,90,100,90,70,80,90,90,100,90,90,90,100,100,100,100,100,100,100,100,100,100,100,100,10,10,0,10,10,10,10,30,10,4.6,4.916666667,4.333333333,4.5,5,5,5,5,0.4,0.083333333,0.666666667,0.5,28.88888889,100,83.33333333,94.44444444,100,11.11111111,65.55555556,0,72.22222222
207,Maker,2023-2024,Female,11,White,Private,Poland,2620,Maker,No,,4,3,5,4,4,5,5,4,4,5,5,5,5,5,4,4,4,4,,,,,,,,,,,,,,,,,,,,,,,,,,,,,,,,,,,,,,,,,70,60,90,80,80,80,80,80,90,100,100,100,100,90,90,100,90,100,70,80,70,70,70,80,80,70,70,NA,NA,NA,NA,NA,NA,NA,NA,NA,NA,NA,NA,NA,NA,NA,NA,NA,NA,NA,NA,NA,NA,NA,NA,NA,NA,NA,4.4,4.5,4.333333333,4.75,,,,,,,,,78.88888889,96.66666667,73.33333333,,,,,,
221,Maker,2023-2024,Male,12,Asian,Public,"Cary, NC",27519,Maker,No,,4,5,5,5,4,5,4,5,5,5,5,5,5,5,5,4,5,5,,,,,,,,,,,,5,5,5,4,4,4,4,5,5,5,5,4,5,5,5,5,5,4,,,,,,,,,,,,80,70,90,100,80,90,100,90,80,100,70,100,90,90,100,100,100,90,0,20,0,0,10,10,20,0,30,100,80,100,100,100,100,100,100,80,100,70,100,100,100,100,100,100,100,0,20,30,10,20,10,20,20,20,4.8,4.916666667,4.666666667,4.75,4.8,4.666666667,4.333333333,4.75,0,-0.25,-0.333333333,0,86.66666667,93.33333333,10,95.55555556,96.66666667,16.66666667,8.888888889,3.333333333,-6.666666667
223,Maker,2023-2024,Female,11,White,Public,"Holly Springs, NC",27540,Maker,No,,5,4,3,4,4,4,5,2,4,5,5,5,5,5,4,4,5,5,,,,,,,,,,,,5,4,4,3,4,4,5,4,5,5,5,5,5,5,5,5,5,5,,,,,,,,,,,,50,60,70,70,70,70,70,70,70,80,100,100,100,90,90,90,90,90,30,30,20,30,30,50,50,40,20,80,90,100,90,80,80,80,90,100,100,100,100,90,90,90,90,100,100,30,10,10,20,30,40,20,10,0,4.8,4.166666667,4,4.75,5,4.416666667,4.666666667,5,0.2,0.25,0.666666667,0.25,66.66666667,92.22222222,33.33333333,87.77777778,95.55555556,18.88888889,21.11111111,3.333333333,14.44444444
225,Maker,2023-2024,Female,11,Asian,Public,"Mooresville, NC",28117,Maker,No,,5,5,5,4,5,5,4,5,5,5,5,5,5,5,4,5,5,5,,,,,,,,,,,,5,5,5,5,5,5,4,5,5,5,5,5,4,5,5,4,5,5,,,,,,,,,,,,80,70,80,80,80,70,80,90,80,100,100,100,100,100,100,100,100,100,0,0,0,10,10,0,0,0,10,100,100,100,90,80,100,100,100,90,100,100,90,100,90,100,100,100,100,10,0,0,10,10,0,10,0,0,4.8,4.916666667,4.666666667,5,4.8,4.916666667,4.666666667,4.5,0,0,0,-0.5,78.88888889,100,3.333333333,95.55555556,97.77777778,4.444444444,16.66666667,-2.222222222,-1.111111111
216,Maker,2023-2024,Female,11,Asian,Magnet,"Cary, NC",27519,Maker,No,,5,5,5,5,5,5,5,1,5,4,5,5,5,5,5,5,5,5,,,,,,,,,,,,5,5,5,5,5,5,5,4,3,5,5,5,5,5,4,5,5,5,,,,,,,,,,,,60,100,100,80,100,60,100,100,100,100,100,100,100,100,100,100,100,100,60,0,0,10,0,70,0,0,0,60,90,100,90,90,80,80,100,90,80,100,100,100,100,90,90,90,90,30,0,0,20,10,30,10,0,0,5,4.583333333,3.666666667,5,4.8,4.75,4.666666667,5,-0.2,0.166666667,1,0,88.88888889,100,15.55555556,86.66666667,93.33333333,11.11111111,-2.222222222,-6.666666667,4.444444444
208,Maker,2023-2024,Female,10,Asian,Charter,"Cary, NC",27519,Maker,No,,5,4,4,1,4,5,5,2,4,5,5,5,5,5,4,5,5,4,,,,,,,,,,,,5,4,4,2,5,5,5,2,4,5,5,5,5,5,4,5,5,5,,,,,,,,,,,,30,90,90,70,80,50,70,90,90,60,100,100,80,90,NA,80,100,90,90,20,20,40,30,90,40,10,30,60,90,90,80,90,70,80,90,80,80,100,90,90,80,90,90,100,90,30,20,20,20,10,70,30,10,10,4.8,4.083333333,3.666666667,5,4.8,4.25,4,5,0,0.166666667,0.333333333,0,73.33333333,87.5,41.11111111,81.11111111,90,24.44444444,7.777777778,2.5,16.66666667
215,Maker,2023-2024,Male,12,Asian,Public,"Cary, NC",27519,Maker,No,,5,4,3,4,5,5,5,5,5,5,5,5,5,5,4,5,5,5,,,,,,,,,,,,5,5,,4,,5,5,5,5,5,5,5,5,5,5,5,5,5,,,,,,,,,,,,80,60,90,80,60,100,80,100,90,100,80,90,90,90,100,100,100,100,20,20,40,30,50,0,0,0,0,90,60,70,100,80,100,90,80,100,80,90,80,90,80,100,90,90,100,30,20,40,30,10,50,30,40,20,4.8,4.666666667,5,5,5,4.9,5,5,0.2,0.233333333,0,0,82.22222222,94.44444444,17.77777778,85.55555556,88.88888889,30,3.333333333,-5.555555556,-12.22222222
212,Maker,2023-2024,Female,12,Asian,Magnet,"Cary, NC",27519,Maker,No,,4,3,3,2,4,4,4,4,4,4,4,4,4,4,4,4,4,4,,,,,,,,,,,,5,5,5,5,5,5,5,5,5,5,5,5,5,5,5,5,5,5,,,,,,,,,,,,90,90,90,90,90,90,90,90,90,80,100,80,90,100,100,100,100,70,60,60,60,60,60,60,60,60,60,90,100,100,90,90,100,100,100,100,100,100,100,100,100,100,100,100,100,10,10,10,10,10,10,10,10,10,4,3.666666667,4,4,5,5,5,5,1,1.333333333,1,1,90,91.11111111,60,96.66666667,100,10,6.666666667,8.888888889,50
220,Maker,2023-2024,Male,12,Black,Charter,"Durham, NC",27703,Maker,No,,4,5,4,5,4,4,4,3,5,5,5,5,4,5,2,4,4,4,,,,,,,,,,,,,,,,,,,,,,,,,,,,,,,,,,,,,,,,,60,90,70,80,90,50,90,90,70,100,90,NA,100,90,70,80,80,100,30,70,0,30,60,80,90,90,50,NA,NA,NA,NA,NA,NA,NA,NA,NA,NA,NA,NA,NA,NA,NA,NA,NA,NA,NA,NA,NA,NA,NA,NA,NA,NA,NA,3.8,4.5,3.666666667,4.5,,,,,,,,,76.66666667,88.75,55.55555556,,,,,,
214,Maker,2023-2024,Male,9,Asian,Public,"Cary, NC",27519,Maker,No,,4,5,5,5,5,5,5,5,5,5,5,5,5,5,5,5,5,5,,,,,,,,,,,,5,5,5,5,5,5,5,5,5,5,5,5,5,5,5,5,5,5,,,,,,,,,,,,100,90,90,90,90,90,90,90,90,100,100,90,100,90,90,90,100,90,90,90,100,90,100,90,70,80,100,90,90,90,90,90,100,90,100,90,100,100,100,100,100,100,100,100,90,0,0,10,10,10,10,10,10,10,4.8,5,5,5,5,5,5,5,0.2,0,0,0,91.11111111,94.44444444,90,92.22222222,98.88888889,7.777777778,1.111111111,4.444444444,82.22222222
218,Maker,2023-2024,Female,10,Asian,Public,"Morrisville, NC",27560,Maker,No,,4,4,5,5,4,5,5,4,5,5,5,5,5,5,5,4,5,4,,,,,,,,,,,,5,4,5,4,5,5,5,4,5,5,5,5,5,5,4,5,5,5,,,,,,,,,,,,80,90,100,100,90,80,90,80,90,80,90,70,80,60,90,70,80,70,10,10,0,10,30,20,30,20,10,80,90,100,100,100,90,90,90,90,90,90,100,100,90,100,100,90,90,10,0,10,20,20,10,20,10,10,4.8,4.75,4.333333333,4.75,4.8,4.75,4.666666667,5,0,0,0.333333333,0.25,88.88888889,76.66666667,15.55555556,92.22222222,94.44444444,12.22222222,3.333333333,17.77777778,3.333333333
201,Maker,2022-2023,Female,9,Asian,Public,"Cary, NC",27513,Maker,No,,5,4,5,3,4,5,3,4,5,4,4,5,5,5,4,5,5,4,,,,,,,,,,,,4,4,4,4,4,4,5,4,4,4,4,4,4,4,4,4,3,4,,,,,,,,,,,,80,70,70,80,70,80,80,60,70,100,90,90,90,90,90,90,90,90,30,60,40,40,20,30,10,50,40,70,60,60,50,70,60,70,60,70,50,50,50,50,70,60,70,30,70,NA,NA,NA,NA,NA,NA,NA,NA,NA,4.8,4.416666667,3.666666667,4.75,3.8,4,4.333333333,4,-1,-0.416666667,0.666666667,-0.75,73.33333333,91.11111111,35.55555556,63.33333333,55.55555556,,-10,-35.55555556,
202,Maker,2022-2023,Female,9,Asian,Public,"Cary, NC",27519,Maker,No,,5,5,5,3,5,5,5,5,5,5,5,5,5,5,5,5,5,5,,,,,,,,,,,,5,5,5,3,5,5,5,4,4,5,5,5,5,5,4,5,5,5,,,,,,,,,,,,100,100,100,70,90,70,90,90,90,100,100,100,100,100,100,100,100,100,0,0,0,20,20,30,30,30,30,80,100,80,60,60,60,100,100,100,100,100,100,100,100,100,100,100,100,30,0,0,50,50,50,0,50,0,5,4.833333333,5,5,4.8,4.666666667,4.666666667,5,-0.2,-0.166666667,-0.333333333,0,88.88888889,100,17.77777778,82.22222222,100,25.55555556,-6.666666667,0,-7.777777778
203,Maker,2022-2023,Female,10,Asian,Public,Frisco (Located in Texas but in Central Standard Time and will be able to attend all meetings and participate),75035,Maker,No,,5,5,5,5,5,5,5,4,5,5,5,5,5,5,5,5,5,5,,,,,,,,,,,,5,5,4,4,5,5,5,5,5,4,5,5,5,5,5,5,5,5,,,,,,,,,,,,50,80,90,70,NA,50,60,80,70,100,100,100,100,100,100,100,100,100,30,20,0,20,10,60,50,10,10,70,90,90,80,90,70,60,70,80,NA,NA,NA,NA,NA,NA,NA,NA,NA,10,20,10,20,30,40,70,0,30,5,4.916666667,4.666666667,5,5,4.75,5,5,0,-0.166666667,0.333333333,0,68.75,100,23.33333333,77.77777778,,25.55555556,9.027777778,,-2.222222222
196,Maker,2022-2023,Female,12,Asian,Private,"Durham, NC",27514,Maker,No,,5,4,5,4,4,5,5,3,5,4,5,5,5,5,4,3,5,5,,,,,,,,,,,,4,4,5,4,4,5,5,3,4,4,4,5,5,5,4,3,5,5,,,,,,,,,,,,70,90,90,80,70,80,80,90,80,100,100,100,100,100,100,100,100,100,30,60,20,40,80,50,30,30,20,60,80,80,70,50,60,50,70,70,70,90,90,90,90,80,90,90,90,50,30,10,40,100,70,70,30,30,4.8,4.5,4.333333333,4.5,4.6,4.333333333,4.333333333,4.25,-0.2,-0.166666667,0,-0.25,81.11111111,100,40,65.55555556,86.66666667,47.77777778,-15.55555556,-13.33333333,-7.777777778
200,Maker,2022-2023,Female,12,Asian,Charter,"Cary, NC",27513,Maker,No,,5,5,4,4,5,5,4,4,4,5,5,5,5,5,5,5,5,5,,,,,,,,,,,,4,4,4,3,5,5,4,,4,4,4,4,4,4,4,4,4,4,,,,,,,,,,,,80,90,100,90,90,80,90,90,100,90,100,90,90,90,90,90,100,100,10,0,0,0,10,0,10,0,0,70,90,90,90,80,80,80,90,90,80,80,80,90,90,90,90,90,90,20,10,20,20,20,30,20,20,20,5,4.666666667,4.333333333,5,4,4.090909091,4,4,-1,-0.575757576,-0.333333333,-1,90,93.33333333,3.333333333,84.44444444,86.66666667,20,-5.555555556,-6.666666667,-16.66666667
198,Maker,2022-2023,Female,11,Other,Private,"Raleigh-Durham, NC",27617,Maker,No,,5,5,4,2,5,4,5,4,4,5,5,5,5,5,5,5,5,5,,,,,,,,,,,,5,5,5,4,5,5,5,5,5,5,5,5,5,5,5,5,5,5,,,,,,,,,,,,90,90,100,90,100,90,100,100,90,100,100,100,100,100,100,100,100,100,10,0,0,10,0,10,0,10,10,90,100,90,100,100,80,90,100,90,100,100,90,90,100,90,100,100,100,50,0,0,50,10,70,60,50,10,5,4.416666667,4.666666667,5,5,4.916666667,5,5,0,0.5,0.333333333,0,94.44444444,100,5.555555556,93.33333333,96.66666667,33.33333333,-1.111111111,-3.333333333,-27.77777778
204,Maker,2022-2023,Male,11,Hispanic,Magnet,"Raleigh, NC",27610,Maker,No,,5,4,5,5,4,5,5,2,5,5,4,3,4,4,2,4,5,2,,,,,,,,,,,,4,4,5,3,4,5,5,4,5,5,5,5,5,5,4,4,4,4,,,,,,,,,,,,40,60,20,20,50,0,40,50,20,100,100,100,70,80,100,90,NA,100,50,30,40,50,0,50,0,30,0,40,50,50,50,50,40,30,70,60,80,70,90,50,60,100,100,100,100,40,30,0,70,70,40,20,10,0,3.8,4.166666667,3,3.75,4.4,4.583333333,4.333333333,4.75,0.6,0.416666667,1.333333333,1,33.33333333,92.5,27.77777778,48.88888889,83.33333333,31.11111111,15.55555556,-9.166666667,-3.333333333
205,Maker,2022-2023,Female,12,Black,Public,"Durham, NC",27712,Maker,No,,4,4,5,4,4,5,5,4,5,4,5,5,5,5,4,4,5,5,,,,,,,,,,,,5,5,5,5,5,5,5,5,5,5,5,5,5,5,5,5,5,5,,,,,,,,,,,,90,80,90,90,80,90,90,90,90,100,100,100,100,100,100,100,100,100,10,0,10,10,20,10,10,10,10,100,100,100,100,100,100,100,90,100,100,100,100,100,100,100,100,100,100,0,0,0,20,20,0,0,30,0,4.6,4.583333333,4.666666667,4.75,5,5,5,5,0.4,0.416666667,0.333333333,0.25,87.77777778,100,10,98.88888889,100,7.777777778,11.11111111,0,2.222222222
206,Maker,2022-2023,Male,11,Asian,Public,"Tomball, TX",77377,Maker,No,,5,5,4,5,4,5,5,4,5,5,5,5,5,5,4,5,5,5,,,,,,,,,,,,5,5,5,5,4,3,5,5,5,5,5,5,5,5,5,5,5,5,,,,,,,,,,,,100,70,100,90,90,80,100,100,90,100,100,100,100,100,90,100,100,90,10,30,0,0,0,30,10,0,10,90,90,100,80,80,100,100,100,70,100,100,100,100,70,80,60,80,60,50,60,50,30,30,30,60,60,100,4.8,4.75,4.666666667,5,5,4.75,5,5,0.2,0,0.333333333,0,91.11111111,97.77777778,10,90,83.33333333,52.22222222,-1.111111111,-14.44444444,-42.22222222
207,Maker,2022-2023,Female,10,White,Private,"Warsaw, Poland",2620,Maker,No,,5,4,5,5,4,5,5,4,5,5,5,5,5,5,5,5,5,5,,,,,,,,,,,,4,4,5,5,5,5,5,4,5,5,5,5,5,5,5,5,5,5,,,,,,,,,,,,40,60,60,60,80,70,80,70,70,40,40,50,50,50,60,70,70,70,60,60,40,20,NA,20,50,20,70,60,70,80,80,80,70,70,70,80,100,100,100,100,100,100,100,100,100,90,90,90,90,90,90,90,90,90,5,4.75,4.666666667,5,4.8,4.833333333,4.666666667,5,-0.2,0.083333333,0,0,65.55555556,55.55555556,42.5,73.33333333,100,90,7.777777778,44.44444444,-47.5
208,Maker,2022-2023,Female,9,Asian,Charter,"Cary, NC",27519,Maker,No,,5,4,4,1,4,5,5,2,4,5,5,5,5,5,3,4,5,5,,,,,,,,,,,,5,4,4,2,5,5,5,2,4,5,4,5,5,5,4,5,5,5,,,,,,,,,,,,40,90,90,50,80,40,50,60,40,70,100,100,80,90,70,80,90,80,80,10,10,50,20,90,40,30,60,60,90,90,70,90,70,80,90,80,70,100,100,90,100,80,90,100,90,70,10,10,50,10,70,20,10,20,4.6,4.083333333,4,4.75,4.8,4.166666667,4,4.75,0.2,0.083333333,0,0,60,84.44444444,43.33333333,80,91.11111111,30,20,6.666666667,13.33333333
209,Maker,2022-2023,Female,12,Asian,Magnet,"Apex, NC",27523,Maker,No,,5,4,4,3,4,5,5,4,5,4,5,5,5,5,4,4,5,4,,,,,,,,,,,,5,4,4,3,4,4,4,4,5,4,5,5,5,5,5,4,5,5,,,,,,,,,,,,70,80,80,80,70,70,70,80,70,90,90,100,100,80,80,90,100,90,10,10,0,10,20,10,20,20,10,90,80,90,90,90,80,90,90,90,90,100,90,100,90,80,80,90,100,10,20,10,10,20,20,20,10,10,4.8,4.416666667,4.333333333,4.75,5,4.333333333,4.333333333,4.75,0.2,-0.083333333,0,0,74.44444444,91.11111111,12.22222222,87.77777778,91.11111111,14.44444444,13.33333333,0,-2.222222222
210,Maker,2022-2023,Female,12,Black,Public,"Southaven, MS",38672,Maker,No,,4,4,5,4,4,5,4,5,5,5,5,5,5,5,4,4,5,5,,,,,,,,,,,,,,,,,,,,,,,,,,,,,,,,,,,,,,,,,50,60,80,70,60,80,80,80,90,50,70,60,80,90,90,80,90,90,20,30,20,40,70,60,70,80,50,NA,NA,NA,NA,NA,NA,NA,NA,NA,NA,NA,NA,NA,NA,NA,NA,NA,NA,NA,NA,NA,NA,NA,NA,NA,NA,NA,4.6,4.75,4.666666667,4.75,,,,,,,,,72.22222222,77.77777778,48.88888889,,,,,,